original_path,canonical_path,sha256,status,note
telemetry/telemetry,telemetry/archive/duplicate_snapshot,,archived,Nested snapshot containing duplicate files.
telemetry/NT180_0813_3.csv,telemetry/archive/excluded/ambiguous/NT180_0813_3.csv,93b6439d1d08e2324ad250333e005b1fe246122fa2c50e1fe2889d8e60fe93a4,archived,Insufficient metadata for final analysis.
telemetry/P-15_0816_1.csv,telemetry/archive/excluded/ambiguous/P-15_0816_1.csv,0293e35a38301b09b5a977a95f7ceb78017acf1d52d7c05025d6b4b2f134aab9,archived,Insufficient metadata for final analysis.
telemetry/NTP15_0817_6(?).csv,telemetry/archive/excluded/ambiguous/nt_roll180_pitch015_0817_rep06_alternate.csv,c02631f4dc5d264239ca3ce9c2fd6ebad9719bd87c52be4f410640d01b1fd25e,archived,Ambiguous alternate for rep 6; excluded from analysis.
telemetry/WTP45_0817_7.csv,telemetry/archive/excluded/spare/wt_roll180_pitch045_0817_rep07_spare.csv,66d290d584e7455c956f05be39426f3d90d02d92acb56a2de094ae2deedd9eb0,archived,Pre-designated spare trial.
telemetry/sim2real.ipynb,telemetry/archive/legacy_analysis/sim2real.ipynb,d69b1f5cb4b7a571f499cb2c0edc092250487bb3e35e77eaa5cb9faf38e402ab,archived,Legacy exploratory notebook.
telemetry/180deg_1.csv,telemetry/archive/preliminary/180deg_1.csv,f710cc212f09fb03f9d2feafa4e9058478f740d01c97cf73f017df2d3205ecfe,archived,Legacy success/failure-labeled trial.
telemetry/180deg_fail1.csv,telemetry/archive/preliminary/180deg_fail1.csv,583e9be2c94ceabc7018c2c3dae3f2e367343989265fce3e633289e8d846f77f,archived,Legacy success/failure-labeled trial.
telemetry/180deg_fail2.csv,telemetry/archive/preliminary/180deg_fail2.csv,2be9a2238c9f41997ac43b8958276231799c43f61de6d78ebf1c349046d235bc,archived,Legacy success/failure-labeled trial.
telemetry/180deg_success?.csv,telemetry/archive/preliminary/180deg_success_uncertain.csv,55be95f14fd8dbcc27d2148ad8bcbee8b780c8a2f6b710fda7e750356347cb1b,archived,Legacy success/failure-labeled trial.
telemetry/45deg_fail1.csv,telemetry/archive/preliminary/45deg_fail1.csv,ebd9bab46e4a213e8bb830c087c8811eaf7e374c185a61d4920a36e0890c20c7,archived,Legacy success/failure-labeled trial.
telemetry/90deg_1.csv,telemetry/archive/preliminary/90deg_1.csv,baee34dad675c613327acd16aff4609c4f355f3da796f43809df8151367dc147,archived,Legacy success/failure-labeled trial.
telemetry/90deg_fail1.csv,telemetry/archive/preliminary/90deg_fail1.csv,61e11111e1930fd1770c38952cb6258cdae290234cd88d959075dee509bc1ff1,archived,Legacy success/failure-labeled trial.
telemetry/90deg_fail2.csv,telemetry/archive/preliminary/90deg_fail2.csv,28b4520416df0f60df8167762aacdd041648bf83461d7527765248e67b231e9d,archived,Legacy success/failure-labeled trial.
telemetry/90deg_success?.csv,telemetry/archive/preliminary/90deg_success_uncertain.csv,029829a2b8d6fa69e586e1c7753ecddf48794983747323ea60fe3acfc5868c7c,archived,Legacy success/failure-labeled trial.
telemetry/_archive,telemetry/archive/preliminary/old_archive,,archived,Legacy preliminary trials.
telemetry/telemetry_1786405593.csv,telemetry/archive/unclassified_captures/telemetry_1786405593.csv,e88b454db1f1fabd3831442c25635c7906bffd970d824f035a43c34a17de73df,archived,Timestamp-only capture; not a labeled final trial.
telemetry/telemetry_1786405699.csv,telemetry/archive/unclassified_captures/telemetry_1786405699.csv,c4283f801b4a64b29c7ecb74383cdc6b6ed722bcbde59dcd8ff1fbec44c8a195,archived,Timestamp-only capture; not a labeled final trial.
telemetry/telemetry_1786407000.csv,telemetry/archive/unclassified_captures/telemetry_1786407000.csv,1748278fb61bfb1ce74d1ffb5922d3e8c39756e552073e94d606276b9826d933,archived,Timestamp-only capture; not a labeled final trial.
telemetry/telemetry_1786408464.csv,telemetry/archive/unclassified_captures/telemetry_1786408464.csv,99d12023304559f2718a0dfca59e6410a414918ad10e7694ed72096e4f5f4098,archived,Timestamp-only capture; not a labeled final trial.
telemetry/telemetry_1786408595.csv,telemetry/archive/unclassified_captures/telemetry_1786408595.csv,05245c62905c73f1bf036c48df05a1d758a02966b547e7b19e6d8cad8b1ca58f,archived,Timestamp-only capture; not a labeled final trial.
telemetry/telemetry_1786409064.csv,telemetry/archive/unclassified_captures/telemetry_1786409064.csv,9926cc92e2ee67f9f3e48606c73d9fbbeac49d9287205d4f25b256108494a8a2,archived,Timestamp-only capture; not a labeled final trial.
telemetry/telemetry_1786415221.csv,telemetry/archive/unclassified_captures/telemetry_1786415221.csv,0abbf95d6aa0cd54ec1ddb1c759534b422cb71610e7533710c675d12653729df,archived,Timestamp-only capture; not a labeled final trial.
telemetry/telemetry_1786415389.csv,telemetry/archive/unclassified_captures/telemetry_1786415389.csv,0b7f890709fd294af4d42a29d9ed2307514ec0915068b9aba9114f3c78172875,archived,Timestamp-only capture; not a labeled final trial.
telemetry/telemetry_1786911072.csv,telemetry/archive/unclassified_captures/telemetry_1786911072.csv,60866d92e4fdeb784e15a60a4e7c286db7491549f8843999508c57245ffbb637,archived,Timestamp-only capture; not a labeled final trial.
telemetry/telemetry_1786911638.csv,telemetry/archive/unclassified_captures/telemetry_1786911638.csv,43e00408dd3c4ee41de7ed45c842463cb78af0b5830d1715f13e3c87a9dc8aaf,archived,Timestamp-only capture; not a labeled final trial.
telemetry/telemetry_1786913367.csv,telemetry/archive/unclassified_captures/telemetry_1786913367.csv,0853f8d0b816a94763740ed3fbf98ac23a714bc638e404081292132890dd4f9d,archived,Timestamp-only capture; not a labeled final trial.
telemetry/telemetry_1786915741.csv,telemetry/archive/unclassified_captures/telemetry_1786915741.csv,5b3cea5fa0022b2ad84b522f9e13936006a16725f2e57966d8632ab2543dbe42,archived,Timestamp-only capture; not a labeled final trial.
telemetry/telemetry_1786915854.csv,telemetry/archive/unclassified_captures/telemetry_1786915854.csv,240fdad6c55740ec136fc86e7e7718cdb36dcca30b7c70223d808054402e30b8,archived,Timestamp-only capture; not a labeled final trial.
telemetry/telemetry_1786918072.csv,telemetry/archive/unclassified_captures/telemetry_1786918072.csv,d63a250eff91c0852a2b12e76cf6dfb371ba07e4c7277d54922ac05cb2c5be5f,archived,Timestamp-only capture; not a labeled final trial.
telemetry/telemetry_1786926751.csv,telemetry/archive/unclassified_captures/telemetry_1786926751.csv,cff31b037afd614c497246c6f6851d1415d407660ea4bf8f0ca6f678c147a4bd,archived,Timestamp-only capture; not a labeled final trial.
telemetry/telemetry_1786926842.csv,telemetry/archive/unclassified_captures/telemetry_1786926842.csv,1baad4247b07d3ad0f11c9875cb6dea9e644af93cd258baef7814182707dec80,archived,Timestamp-only capture; not a labeled final trial.
telemetry/telemetry_1786926967.csv,telemetry/archive/unclassified_captures/telemetry_1786926967.csv,a43d985ea26aa31add4191e80b71d348e60a0034e8e173701e40f2879ce3e363,archived,Timestamp-only capture; not a labeled final trial.
telemetry/telemetry_1786927257.csv,telemetry/archive/unclassified_captures/telemetry_1786927257.csv,6c53a212671c3ecfd81515c2305fa146f49c4faf412811d981d6652363ffacf4,archived,Timestamp-only capture; not a labeled final trial.
telemetry/telemetry_1786927325.csv,telemetry/archive/unclassified_captures/telemetry_1786927325.csv,7b20ab42d034de5b321ef85a138cc81a2f3839242d78d5276a7cc56eb0a58f21,archived,Timestamp-only capture; not a labeled final trial.
telemetry/telemetry_1786927934.csv,telemetry/archive/unclassified_captures/telemetry_1786927934.csv,0d138e0750f91e563819f834a51f83b87853804b865139c2af0e5147c4a9b509,archived,Timestamp-only capture; not a labeled final trial.
telemetry/telemetry_1786928226.csv,telemetry/archive/unclassified_captures/telemetry_1786928226.csv,5e039a334b1bd324deab76cf4767db7caca822a553d4e86556c0a294e231b7f2,archived,Timestamp-only capture; not a labeled final trial.
telemetry/telemetry_1786928310.csv,telemetry/archive/unclassified_captures/telemetry_1786928310.csv,90fb474063ef7a0935f98a9f568961f1613cb1623d3c297e15f01431f61ceeea,archived,Timestamp-only capture; not a labeled final trial.
telemetry/telemetry_1786930975.csv,telemetry/archive/unclassified_captures/telemetry_1786930975.csv,7ea536e823ab77bdf74acbeae2bec4ddcdd0bae6a68ea58f1c2eee5b4cca39c6,archived,Timestamp-only capture; not a labeled final trial.
telemetry/telemetry_1786931081.csv,telemetry/archive/unclassified_captures/telemetry_1786931081.csv,372fc0e361b6b0ca69f26651ec47d8505c1e6765f66817780a400d51fb64c77e,archived,Timestamp-only capture; not a labeled final trial.
telemetry/telemetry_1786931440.csv,telemetry/archive/unclassified_captures/telemetry_1786931440.csv,1e0a60aadc40c39f12fda1df975449fc3445e34b4d452c0e29a0e0bc6813c765,archived,Timestamp-only capture; not a labeled final trial.
telemetry/telemetry_1786931586.csv,telemetry/archive/unclassified_captures/telemetry_1786931586.csv,b0b4afc485f1b0e5babba66f813c8387c521ff6c761fa93f0a411e05d4a145f4,archived,Timestamp-only capture; not a labeled final trial.
telemetry/telemetry_1786933247.csv,telemetry/archive/unclassified_captures/telemetry_1786933247.csv,97860a3b98a299eb7423dd449cb7ef8147b0bf018ebd8ff059431c2633383f97,archived,Timestamp-only capture; not a labeled final trial.
telemetry/telemetry_1786933338.csv,telemetry/archive/unclassified_captures/telemetry_1786933338.csv,32aad441372a2af5a55658d909db7c55d68f003712c14536bf6de6484d7de984,archived,Timestamp-only capture; not a labeled final trial.
telemetry/telemetry_1786970747.csv,telemetry/archive/unclassified_captures/telemetry_1786970747.csv,994600a32d2be3db887a4301cd92407bbda4d2f1c670807603a100b16ce3d8cd,archived,Timestamp-only capture; not a labeled final trial.
telemetry/telemetry_1786970838.csv,telemetry/archive/unclassified_captures/telemetry_1786970838.csv,e198ddf9e291c0882a247a831467e1b17e73596f372795a0ab3fe63cd27576ca,archived,Timestamp-only capture; not a labeled final trial.
telemetry/telemetry_1786971052.csv,telemetry/archive/unclassified_captures/telemetry_1786971052.csv,eabd729844e0f59168a7889abd474730902361bf1ade811bc55f6014e6537067,archived,Timestamp-only capture; not a labeled final trial.
telemetry/telemetry_1786971171.csv,telemetry/archive/unclassified_captures/telemetry_1786971171.csv,eab5b4ab917a5ef1bfe5b25c0128eacce58a7caa8957a95c6e0e8caec3184dd5,archived,Timestamp-only capture; not a labeled final trial.
telemetry/telemetry_1786971280.csv,telemetry/archive/unclassified_captures/telemetry_1786971280.csv,bca1f99f3560ae5eb98d3e300ee588dd59fd0bbace82818f1e7045367101e956,archived,Timestamp-only capture; not a labeled final trial.
telemetry/telemetry_1786971560.csv,telemetry/archive/unclassified_captures/telemetry_1786971560.csv,62e10ac268ec95dcb2486fd60a36f97781e912648bcc0a4009904b9db7ae574a,archived,Timestamp-only capture; not a labeled final trial.
telemetry/telemetry_1786971668.csv,telemetry/archive/unclassified_captures/telemetry_1786971668.csv,c768aa7ccab01cea4473f562c855618ae0b4df7a14527d12b34f1b985ace6d7c,archived,Timestamp-only capture; not a labeled final trial.
telemetry/telemetry_1786971877.csv,telemetry/archive/unclassified_captures/telemetry_1786971877.csv,58414d99cef469f3812580319001b62b380b1b307b74778fc4901ed11c5df91c,archived,Timestamp-only capture; not a labeled final trial.
telemetry/telemetry_1786971950.csv,telemetry/archive/unclassified_captures/telemetry_1786971950.csv,4d8c0b0d5682bf00d8e1b0192da49a0d7dd995437823d1f8f39c9f0bcc92d6dc,archived,Timestamp-only capture; not a labeled final trial.
telemetry/telemetry_1786972049.csv,telemetry/archive/unclassified_captures/telemetry_1786972049.csv,637368768b1a8fdc7be81bed8db242660c8475d62873275b17ccd558a8927699,archived,Timestamp-only capture; not a labeled final trial.
telemetry/telemetry_1786973199.csv,telemetry/archive/unclassified_captures/telemetry_1786973199.csv,0d77b2229bdadcdcab7b1abe2b94dde640f12c7bbf44bb11071252ffec9d0024,archived,Timestamp-only capture; not a labeled final trial.
telemetry/telemetry_1786973290.csv,telemetry/archive/unclassified_captures/telemetry_1786973290.csv,597dc3123afca0a00ade009517a520cc78c2025620e0abede8d6ff3984c1b81f,archived,Timestamp-only capture; not a labeled final trial.
telemetry/telemetry_1786973460.csv,telemetry/archive/unclassified_captures/telemetry_1786973460.csv,14cbd83a3651e968a1437a716d05eaa08fc23993a2420ed3300e04cc7a646e60,archived,Timestamp-only capture; not a labeled final trial.
telemetry/telemetry_1786974972.csv,telemetry/archive/unclassified_captures/telemetry_1786974972.csv,d509183ab3d7364bce29ca179958d0a86d11fb2330712c1c9950c4d67dbeaf4f,archived,Timestamp-only capture; not a labeled final trial.
telemetry/sim2real_summary.png,telemetry/derived/legacy_sim2real/sim2real_summary.png,cfca961e7bcaf3df26dda683d71e4d947c4c6b484b5bb6477091f1e0feeaeb05,archived,Legacy generated figure.
telemetry/stage4_tracking.png,telemetry/derived/legacy_sim2real/stage4_tracking.png,b2ac1ee0a63e0b3adb3349c2f75fe00f8d4a58225222f64f3e1bd1f89e5880bb,archived,Legacy generated figure.
telemetry/stage4_travel.png,telemetry/derived/legacy_sim2real/stage4_travel.png,0950e0ad6bd4dd95f3609699d406b93bd037365235ee67b603a26ee04fe4e740,archived,Legacy generated figure.
telemetry/stage6_obs_dist.png,telemetry/derived/legacy_sim2real/stage6_obs_dist.png,f259248ee4182d56f78587041fb96b188719ca999a2f900b9abc575092c9b0fa,archived,Legacy generated figure.
telemetry/stage6_obs_velocity.png,telemetry/derived/legacy_sim2real/stage6_obs_velocity.png,85a022ade9f3ce2aa387e72fc49fe8a5df73012f4da45a077e02b7163c8a2267,archived,Legacy generated figure.
telemetry/stage9_actions.png,telemetry/derived/legacy_sim2real/stage9_actions.png,0fef398af44bc5ac2df424c78a07d3d0dba604d0bc2fbc301be0095bd170edac,archived,Legacy generated figure.
telemetry/stage9_observations.png,telemetry/derived/legacy_sim2real/stage9_observations.png,4f5cac2077e0495f3ef09a68a5779b05fb05326a599faedbb11687400ca5e659,archived,Legacy generated figure.
telemetry/NT_0810/45deg_NTsuccess_0810_1.csv,telemetry/raw/no_tail/roll/roll_045deg/nt_roll_045deg_0810_rep01.csv,c4c88050c2f2fffdcca5dfe483f3e0613c54e6c6590b669780c4271316c46816,analysis_input,
telemetry/NT_0810/45deg_NTsuccess_0810_2.csv,telemetry/raw/no_tail/roll/roll_045deg/nt_roll_045deg_0810_rep02.csv,818ccd3ce839d2a0e42c0c6d51f3fb913f9ef09b52832197c5e5c06c431e13ab,analysis_input,
telemetry/NT_0810/45deg_NTsuccess_0810_3.csv,telemetry/raw/no_tail/roll/roll_045deg/nt_roll_045deg_0810_rep03.csv,c4e08ebcc64684726334a0bf3c7943a91ad1ca61b56e26697e5b606e445a088b,analysis_input,
telemetry/NT45_0816_1.csv,telemetry/raw/no_tail/roll/roll_045deg/nt_roll_045deg_0816_rep01.csv,177f9f0aa03ddf72be082faa45704fbd1d70aaa5fa9786bbac82862f17b7d960,analysis_input,
telemetry/NT45_0816_2.csv,telemetry/raw/no_tail/roll/roll_045deg/nt_roll_045deg_0816_rep02.csv,d938d2afbf0535c8812a85ed53ac15ca1d94ab06f277f8d411d45d1de7f6bcaa,analysis_input,
telemetry/NT45_0816_3.csv,telemetry/raw/no_tail/roll/roll_045deg/nt_roll_045deg_0816_rep03.csv,cafa39b3bf406c5ec4ec135ee48cec810d14839bb5200eaaefb444d8dc231df4,analysis_input,
telemetry/NT_0810/90deg_NTsuccess_0810_1.csv,telemetry/raw/no_tail/roll/roll_090deg/nt_roll_090deg_0810_rep01.csv,049ddb6d3cff67cfa19f57a2391c044235e549d153704a35767dd1b699e060d2,analysis_input,
telemetry/NT_0810/90deg_NTsuccess_0810_2.csv,telemetry/raw/no_tail/roll/roll_090deg/nt_roll_090deg_0810_rep02.csv,eeb5b7dadfb7facb33e94803a95a5ef92dee3241772944f86676f70e72d98f50,analysis_input,
telemetry/NT_0810/90deg_NTsuccess_0810_3.csv,telemetry/raw/no_tail/roll/roll_090deg/nt_roll_090deg_0810_rep03.csv,f3657a892a7ae233552a9426cc2e815ace5d526fbc8bf03bafa7e86681d07927,analysis_input,
telemetry/NT90_0816_1.csv,telemetry/raw/no_tail/roll/roll_090deg/nt_roll_090deg_0816_rep01.csv,47c4bf9565767d61977c2a79247a830b9e86bb33e97c16c497dccc3b21f6e9f8,analysis_input,
telemetry/NT90_0816_2.csv,telemetry/raw/no_tail/roll/roll_090deg/nt_roll_090deg_0816_rep02.csv,cbd69d32c9ced7fdcad4a713645fda6c22369582f6461bf385d9f3990b03c783,analysis_input,
telemetry/NT90_0816_3.csv,telemetry/raw/no_tail/roll/roll_090deg/nt_roll_090deg_0816_rep03.csv,ed92f90124f16257329815b16bbb1941ceb67dca1df080eb70bfe1e5b96efac4,analysis_input,
telemetry/NT90_0816_4.csv,telemetry/raw/no_tail/roll/roll_090deg/nt_roll_090deg_0816_rep04.csv,80ca6b43bcbc020f0fda04e5367cdaff77bc877371fb20c0160e8822a96e9465,analysis_input,
telemetry/NT180_0816_1.csv,telemetry/raw/no_tail/roll/roll_180deg/nt_roll_180deg_0816_rep01.csv,ad00e52b6c6f8c15717bd729f60d2cd0900158d3bc8179d9c8f7091407cf9b65,analysis_input,
telemetry/NT180_0816_2.csv,telemetry/raw/no_tail/roll/roll_180deg/nt_roll_180deg_0816_rep02.csv,ae9640b194dc21a1d3831bc2d49b0a692002344cd1076e1c5b679fe4e024c652,analysis_input,
telemetry/NT180_0817_3.csv,telemetry/raw/no_tail/roll/roll_180deg/nt_roll_180deg_0816_rep03.csv,e84793b769326ee080daeb4dda55e209865ecbe93fe848ec268987bad622b3f1,analysis_input,Corrected date from 0817 to 0816 by SHA-256 match to reference branch.
telemetry/NT_0810/180deg_NTsuccess_0810_1.csv,telemetry/raw/no_tail/roll/roll_180deg/nt_roll_180deg_0817_rep01.csv,cffc1b2ad5fc1640bb369a64bb5205c3afccdb1a215ecf1fd00408e56d01afe7,analysis_input,Corrected date from 0810 to 0817 by SHA-256 match to reference branch.
telemetry/NT_0810/180deg_NTsuccess_0810_2.csv,telemetry/raw/no_tail/roll/roll_180deg/nt_roll_180deg_0817_rep02.csv,ae32108017463ae42a25a4665c5aee9a8c3cdbfff735ad1f8faf497a8d1b17c4,analysis_input,Corrected date from 0810 to 0817 by SHA-256 match to reference branch.
telemetry/NT_0810/180deg_NTsuccess_0810_3.csv,telemetry/raw/no_tail/roll/roll_180deg/nt_roll_180deg_0817_rep03.csv,67f50e6276f159569deb3bb2cbe8301f948a7f74aac603613e87dd22286599e6,analysis_input,Corrected date from 0810 to 0817 by SHA-256 match to reference branch.
telemetry/NT P15_0817_1.csv,telemetry/raw/no_tail/roll_pitch/roll_180deg_pitch_+015deg/nt_roll_180deg_pitch_+015deg_0817_rep01.csv,610f4bb5c1497415d12639259ad4a839afa39cf2786c2883ff8c643fcd42467d,analysis_input,Normalized embedded space in original filename.
telemetry/NTP15_0817_2.csv,telemetry/raw/no_tail/roll_pitch/roll_180deg_pitch_+015deg/nt_roll_180deg_pitch_+015deg_0817_rep02.csv,cfcbda61538e203dc71402433a5e9211b219fd6a9d63e4ab33721f7beaa03532,analysis_input,
telemetry/NTP15_0817_3.csv,telemetry/raw/no_tail/roll_pitch/roll_180deg_pitch_+015deg/nt_roll_180deg_pitch_+015deg_0817_rep03.csv,ca78f06ee76dd4f3703c73493588c4f23103eef6967c8840c090f729fb3aaf2d,analysis_input,
telemetry/NTP15_0817_4.csv,telemetry/raw/no_tail/roll_pitch/roll_180deg_pitch_+015deg/nt_roll_180deg_pitch_+015deg_0817_rep04.csv,55d4458cb9df9ebd098a86f3b860d4b7ab14d875332d77f2d95b70e59fe6d009,analysis_input,
telemetry/NTP15_0817_5.csv,telemetry/raw/no_tail/roll_pitch/roll_180deg_pitch_+015deg/nt_roll_180deg_pitch_+015deg_0817_rep05.csv,2dc6c41b7ffacdba4e0a316305d47700347630ff98ae64c7afeb3ffdd5602f0e,analysis_input,
telemetry/NTP15_0817_6.csv,telemetry/raw/no_tail/roll_pitch/roll_180deg_pitch_+015deg/nt_roll_180deg_pitch_+015deg_0817_rep06.csv,8b04ffa6ba2dd77d4f579718a0c36487f6f612964326a1a60c644dc0e013e6c2,analysis_input,
telemetry/NTP30_0817_1.csv,telemetry/raw/no_tail/roll_pitch/roll_180deg_pitch_+030deg/nt_roll_180deg_pitch_+030deg_0817_rep01.csv,56dcfbbe2665c7a3dcdcb4672ffe600b4825c7f14564e46b8376fe4ef12a6af8,analysis_input,
telemetry/NTP30_0817_2.csv,telemetry/raw/no_tail/roll_pitch/roll_180deg_pitch_+030deg/nt_roll_180deg_pitch_+030deg_0817_rep02.csv,ccb6703976ee36b30a160599b2d859dfd6d27e2d300fd1a52309ab3fa92abf9d,analysis_input,
telemetry/NTP30_0817_3.csv,telemetry/raw/no_tail/roll_pitch/roll_180deg_pitch_+030deg/nt_roll_180deg_pitch_+030deg_0817_rep03.csv,f5748fec49a6530ae761b80d956a61a1831bc626f683d36bdb693905de83b931,analysis_input,
telemetry/NTP30_0817_4.csv,telemetry/raw/no_tail/roll_pitch/roll_180deg_pitch_+030deg/nt_roll_180deg_pitch_+030deg_0817_rep04.csv,bd7a4221d3543ed6ad2723081ba51571940ffe2f0fe54be921e442f3dda202f6,analysis_input,
telemetry/NTP30_0817_5.csv,telemetry/raw/no_tail/roll_pitch/roll_180deg_pitch_+030deg/nt_roll_180deg_pitch_+030deg_0817_rep05.csv,6ce3c01be8c8cffed7ce2635558b793a65353fddd7b85d8558eff6d31251ae47,analysis_input,
telemetry/NTP30_0817_6.csv,telemetry/raw/no_tail/roll_pitch/roll_180deg_pitch_+030deg/nt_roll_180deg_pitch_+030deg_0817_rep06.csv,374153b9a7bd16d552105afaf00701bcb29ba165f09b0777b166a0a39d1d6e1b,analysis_input,
telemetry/NTP45_0817_1.csv,telemetry/raw/no_tail/roll_pitch/roll_180deg_pitch_+045deg/nt_roll_180deg_pitch_+045deg_0817_rep01.csv,c2602d0e27c62f122f7b727e20c7fbf9e9fa5fa12a1fb92323396898794128ad,analysis_input,
telemetry/NTP45_0817_2.csv,telemetry/raw/no_tail/roll_pitch/roll_180deg_pitch_+045deg/nt_roll_180deg_pitch_+045deg_0817_rep02.csv,8d81edbcae1f12bbe7eed1baa9d006322b298fd7501d01ed9801519e289c7a7f,analysis_input,
telemetry/NTP45_0817_3.csv,telemetry/raw/no_tail/roll_pitch/roll_180deg_pitch_+045deg/nt_roll_180deg_pitch_+045deg_0817_rep03.csv,d1902e74682d71a8aeb7b2b60363aefba79214b73c2add97291a99872df6656d,analysis_input,
telemetry/NTP45_0817_4.csv,telemetry/raw/no_tail/roll_pitch/roll_180deg_pitch_+045deg/nt_roll_180deg_pitch_+045deg_0817_rep04.csv,e90772fa58cae22dbc9fbba9e339126bcbd03eb9594127974c52f650f910e1b5,analysis_input,
telemetry/NTP45_0817_5.csv,telemetry/raw/no_tail/roll_pitch/roll_180deg_pitch_+045deg/nt_roll_180deg_pitch_+045deg_0817_rep05.csv,0a1858d44e0b5cc6c76d2fe381f07de2910c56d50c70a5d75d9ad23b73fe0324,analysis_input,
telemetry/NTP45_0817_6.csv,telemetry/raw/no_tail/roll_pitch/roll_180deg_pitch_+045deg/nt_roll_180deg_pitch_+045deg_0817_rep06.csv,c5f2ae7a0931a0143a5434bea31f5f5c0dc43383977bb70ad51928da6406e0e4,analysis_input,
telemetry/WT_0810/45deg_WTsuccess_0810_1.csv,telemetry/raw/with_tail/roll/roll_045deg/wt_roll_045deg_0810_rep01.csv,0fb15b5f6382d2e962d7cf52d5325ac77888a0b4f5ff273a77c1cf0b604ce7ef,analysis_input,
telemetry/WT_0810/45deg_WTsuccess_0810_2.csv,telemetry/raw/with_tail/roll/roll_045deg/wt_roll_045deg_0810_rep02.csv,1613021bde0fc44c6ea75574724878a50396f46e934cd26d52a6ad3447d5518b,analysis_input,
telemetry/WT_0810/45deg_WTsuccess_0810_3.csv,telemetry/raw/with_tail/roll/roll_045deg/wt_roll_045deg_0810_rep03.csv,8417ca8674f665ad3ca9e4606dacd32dfb7244a7e8599dbae11a32b6c19c6811,analysis_input,
telemetry/WT_0816/45deg_0816_1.csv,telemetry/raw/with_tail/roll/roll_045deg/wt_roll_045deg_0816_rep01.csv,88b7dba714b6a18775702919532ea3988c0abb8bc51bd74fe09c79640db7f677,analysis_input,
telemetry/WT_0816/45deg_0816_2.csv,telemetry/raw/with_tail/roll/roll_045deg/wt_roll_045deg_0816_rep02.csv,3b2834e3cdd79d896b66f7179d981db3b9e033fc4525800801a2675ff1852aa6,analysis_input,
telemetry/WT_0816/45deg_0816_3.csv,telemetry/raw/with_tail/roll/roll_045deg/wt_roll_045deg_0816_rep03.csv,15d8617164f13246b8cbbdfe0a118aa184eafa88e5e4d88204f388a375ae4fa7,analysis_input,
telemetry/WT_0810/90deg_WTsuccess_0810_1.csv,telemetry/raw/with_tail/roll/roll_090deg/wt_roll_090deg_0810_rep01.csv,c279aafcba1e31fb718dc4a0b8574110efceda724453f401e168ce8544f46d61,analysis_input,
telemetry/WT_0810/90deg_WTsuccess_0810_2.csv,telemetry/raw/with_tail/roll/roll_090deg/wt_roll_090deg_0810_rep02.csv,68dab92a8c7d5d3d997ea0cb05c2d6152e6cdc9f1abb75b0778e9fdd6af43893,analysis_input,
telemetry/WT_0810/90deg_WTsuccess_0810_3.csv,telemetry/raw/with_tail/roll/roll_090deg/wt_roll_090deg_0810_rep03.csv,8e269846baf3ebe1189c0f58dc55a767c06268267d1a017168c0e8d173a26146,analysis_input,
telemetry/WT_0816/90deg_0816_1.csv,telemetry/raw/with_tail/roll/roll_090deg/wt_roll_090deg_0816_rep01.csv,e4c5e6efd9886171303742dc797a5e2dc6b30fae22d97160a0810411f0a5fc48,analysis_input,
telemetry/WT_0816/90deg_0816_2.csv,telemetry/raw/with_tail/roll/roll_090deg/wt_roll_090deg_0816_rep02.csv,ef6756f5f640b1421ff4631b14464a7e8145b0f1859280aa1ff56918c6b92319,analysis_input,
telemetry/WT_0816/90deg_0816_3.csv,telemetry/raw/with_tail/roll/roll_090deg/wt_roll_090deg_0816_rep03.csv,8c337d604667ac5818849aab7014b59b311b8e1693672d51ebd24d97a50e0b40,analysis_input,
telemetry/WT_0810/180deg_WTsuccess_0810_1.csv,telemetry/raw/with_tail/roll/roll_180deg/wt_roll_180deg_0810_rep01.csv,2d5ad24ea25e68c1fde778d4f2b6afbf85aa4a4c764f54a74540110c1674bd76,analysis_input,
telemetry/WT_0810/180deg_WTsuccess_0810_2.csv,telemetry/raw/with_tail/roll/roll_180deg/wt_roll_180deg_0810_rep02.csv,a4622e8a7f462212f71771068125819ad6c242945d60964a02a24c1228f108c6,analysis_input,
telemetry/WT_0810/180deg_WTsuccess_0810_3.csv,telemetry/raw/with_tail/roll/roll_180deg/wt_roll_180deg_0810_rep03.csv,e9d42a9cdb8ed33747f97e7d7b0b6ae0b115fcc451e5743d5203fb6804094ff9,analysis_input,
telemetry/WT_0816/180deg_0816_1.csv,telemetry/raw/with_tail/roll/roll_180deg/wt_roll_180deg_0816_rep01.csv,728332005b65a5a2f34d460cc3845cd8a8e3a4b45bf9801642ee3b8cdb8c730b,analysis_input,
telemetry/WT_0816/180deg_0816_2.csv,telemetry/raw/with_tail/roll/roll_180deg/wt_roll_180deg_0816_rep02.csv,9d87b64c74b3bdc853d3f5c4f5614f988dcb6b9cb5b4f080e3ac17ade6cef2b9,analysis_input,
telemetry/WT_0816/180deg_0816_3.csv,telemetry/raw/with_tail/roll/roll_180deg/wt_roll_180deg_0816_rep03.csv,fd3d55ba2cdcef9e5485754ae41ade9750e643981304905503e6434ba457aae9,analysis_input,
telemetry/WT_Pitch_0816/P15_0816_1.csv,telemetry/raw/with_tail/roll_pitch/roll_180deg_pitch_+015deg/wt_roll_180deg_pitch_+015deg_0816_rep01.csv,570abaac74f0d64b138ee440d4d62680209073ec5ce14c6b07b28c187fdbb5d8,analysis_input,
telemetry/WT_Pitch_0816/P15_0816_2.csv,telemetry/raw/with_tail/roll_pitch/roll_180deg_pitch_+015deg/wt_roll_180deg_pitch_+015deg_0816_rep02.csv,061499a380ca47ef71d0385094b427211939237fa1540569d391dd252d43d4b2,analysis_input,
telemetry/WT_Pitch_0816/P15_0816_3.csv,telemetry/raw/with_tail/roll_pitch/roll_180deg_pitch_+015deg/wt_roll_180deg_pitch_+015deg_0816_rep03.csv,f2a984595a4ede8c5b4b4fc64e881a39cc6d1ed7175c3155ecd3126ceea62681,analysis_input,
telemetry/WT_Pitch_0816/P15_0816_4.csv,telemetry/raw/with_tail/roll_pitch/roll_180deg_pitch_+015deg/wt_roll_180deg_pitch_+015deg_0816_rep04.csv,cc4c5d8ad8cb9f46cefc456096724d1fae57723f22ab8eadb649e7a894fd051d,analysis_input,
telemetry/WT_Pitch_0816/P15_0816_5.csv,telemetry/raw/with_tail/roll_pitch/roll_180deg_pitch_+015deg/wt_roll_180deg_pitch_+015deg_0816_rep05.csv,2c37fb5340af281c3c0b4fc8bb9b766a8219583ce39f744211aedb5829a9ad0e,analysis_input,
telemetry/WT_Pitch_0816/P15_0816_6.csv,telemetry/raw/with_tail/roll_pitch/roll_180deg_pitch_+015deg/wt_roll_180deg_pitch_+015deg_0816_rep06.csv,ca328c5b7e7776968a4fa2686e778349ce2360bccf969d5c97adf355881f0a9d,analysis_input,
telemetry/WT_Pitch_0816/P30_0816_1.csv,telemetry/raw/with_tail/roll_pitch/roll_180deg_pitch_+030deg/wt_roll_180deg_pitch_+030deg_0816_rep01.csv,e325f01659d2fc1f7c6a7da3d055b4931c0d07f5051a92a2f516333ad7a45667,analysis_input,
telemetry/WT_Pitch_0816/P30_0816_2.csv,telemetry/raw/with_tail/roll_pitch/roll_180deg_pitch_+030deg/wt_roll_180deg_pitch_+030deg_0816_rep02.csv,3eaa0095bf975857024e0a9b7f05f3503ce0b97f9506180148e876921b3e7f75,analysis_input,
telemetry/WT_Pitch_0816/P30_0816_3.csv,telemetry/raw/with_tail/roll_pitch/roll_180deg_pitch_+030deg/wt_roll_180deg_pitch_+030deg_0816_rep03.csv,3a5bbb9b8a9f144a84598788a6aefe601745ac2cdbb2dfe6ec47d9b11c00d5bf,analysis_input,
telemetry/WT_Pitch_0816/P30_0816_4.csv,telemetry/raw/with_tail/roll_pitch/roll_180deg_pitch_+030deg/wt_roll_180deg_pitch_+030deg_0816_rep04.csv,ca2b5f7881984f9c7007ede9eec1ce290e06d9f9108ad184e95df93fcd4ebc89,analysis_input,
telemetry/WT_Pitch_0816/P30_0816_5.csv,telemetry/raw/with_tail/roll_pitch/roll_180deg_pitch_+030deg/wt_roll_180deg_pitch_+030deg_0816_rep05.csv,b0ff15c5a2a27ed19629b7dd3ba993e9b6e85b9c18c82ac1971e64da27333af1,analysis_input,
telemetry/WT_Pitch_0816/P30_0816_6.csv,telemetry/raw/with_tail/roll_pitch/roll_180deg_pitch_+030deg/wt_roll_180deg_pitch_+030deg_0816_rep06.csv,db063f80fb520fd8fb8c6af6bf5f43ec6a2f7fabca6dbf9e78527c91bf05e58c,analysis_input,
telemetry/WTP45_0817_1.csv,telemetry/raw/with_tail/roll_pitch/roll_180deg_pitch_+045deg/wt_roll_180deg_pitch_+045deg_0817_rep01.csv,7ea28219940bbb29109de5a9a9e28946198ef4fdc11fd515f9cceab1b34c1660,analysis_input,
telemetry/WTP45_0817_2.csv,telemetry/raw/with_tail/roll_pitch/roll_180deg_pitch_+045deg/wt_roll_180deg_pitch_+045deg_0817_rep02.csv,1656f3161896de35d4bc12950082d1721c724b2abfd862368f1fc70635503c18,analysis_input,
telemetry/WTP45_0817_3.csv,telemetry/raw/with_tail/roll_pitch/roll_180deg_pitch_+045deg/wt_roll_180deg_pitch_+045deg_0817_rep03.csv,d808100c1eb6bfe614480c8752040c15ef6dc5ebe23c9b0200a9ff533ea60b69,analysis_input,
telemetry/WTP45_0817_4.csv,telemetry/raw/with_tail/roll_pitch/roll_180deg_pitch_+045deg/wt_roll_180deg_pitch_+045deg_0817_rep04.csv,a28ee80f4813a24734af11dab777bef5c7f06b463ff0c8edc739268ea7ee7697,analysis_input,
telemetry/WTP45_0817_5.csv,telemetry/raw/with_tail/roll_pitch/roll_180deg_pitch_+045deg/wt_roll_180deg_pitch_+045deg_0817_rep05.csv,0229d862abdce957365169a210156b5855e322cbff29671b50ce35bfad42662c,analysis_input,
telemetry/WTP45_0817_6.csv,telemetry/raw/with_tail/roll_pitch/roll_180deg_pitch_+045deg/wt_roll_180deg_pitch_+045deg_0817_rep06.csv,d0003404e44a2a8f6144324342c25fc8e01a234cc4dd376f8b5cbdc83c56e58a,analysis_input,
