morphology,tail,roll_deg,pitch_deg,condition,date,rep,source_file,n_samples,impact_time_s,estimated_fall_distance_m,posture_score,whole_body_upright_score,spine_alignment_score,whole_body_tilt_deg,whole_body_roll_deg,whole_body_pitch_deg,spine_misalignment_deg,abs_whole_body_pitch_deg,front_upright_score,back_upright_score,orientation_error_deg,angular_speed_deg_s,abs_roll_deg,abs_pitch_deg,abs_roll_rate_deg_s,abs_pitch_rate_deg_s,initial_orientation_error_deg,initial_posture_score,initial_whole_body_upright_score,initial_spine_alignment_score,initial_whole_body_pitch_deg,initial_abs_whole_body_pitch_deg,initial_front_upright_score,initial_back_upright_score,initial_angular_speed_deg_s,initial_roll_deg,initial_pitch_deg,initial_roll_rate_deg_s,initial_pitch_rate_deg_s,righting_success_075,righting_success_080,righting_success_085,time_to_righting_080_s,restricted_time_to_righting_075_s,restricted_time_to_righting_080_s,restricted_time_to_righting_085_s,integrated_posture_deficit,modeled_pd_effort_common,modeled_pd_effort_total
no_tail,0,45,0,r45,0810,1,telemetry/raw/no_tail/roll/roll_045deg/nt_roll_045deg_0810_rep01.csv,50,0.8029000000000011,3.162000451050009,0.6478114797101802,0.8958754743866022,0.7231043802753176,18.742414610411608,12.534572455463458,-13.706098943730817,49.841211550442814,13.706098943730817,0.8925528205222033,0.8910653876613317,34.58230308175525,165.0733899369031,19.18959619518921,2.4579826307481483,158.224034306531,36.93247599262877,47.629121333805635,0.7266221889985204,0.736111811509597,0.9871084496095565,0.8280936127382269,0.8280936127382269,0.7425563245742532,0.7296672524567713,154.17392914690848,46.334150140277046,0.8280936127382263,38.01081693143496,-149.24912407148372,0,0,0,,0.7139215614635326,0.7139215614635326,0.7139215614635326,0.33308620845128195,1.811377630183129,1.811377630183129
no_tail,0,45,0,r45,0810,2,telemetry/raw/no_tail/roll/roll_045deg/nt_roll_045deg_0810_rep02.csv,50,0.8030000000000008,3.1627881450000066,0.4696318122194598,0.6852507280972189,0.6853430327954815,56.654868942500606,54.68111668793343,-10.318044214331074,56.638254096813334,10.318044214331074,0.7093164784875896,0.6605802540542992,59.04359533193068,655.8134479824372,51.566533432655916,10.49376935546718,329.74186029166225,160.31420110019764,45.960927418304294,0.7388682877768595,0.7452734411913782,0.9914056330730376,1.3353870134902643,1.3353870134902643,0.7495683272629237,0.7409784956963925,105.64487004869785,45.062175766356766,1.3353870134902686,51.380101337986204,-91.42564022712621,0,0,0,,0.7139215614635326,0.7139215614635326,0.7139215614635326,0.4290680257250941,2.051815541996061,2.051815541996061
no_tail,0,45,0,r45,0810,3,telemetry/raw/no_tail/roll/roll_045deg/nt_roll_045deg_0810_rep03.csv,50,0.8230000000000004,3.3222987450000034,0.6090294344768462,0.8629174268977629,0.7057795050754063,24.67486315840269,7.545367418744071,-23.345784400418577,52.95968908642687,23.345784400418577,0.8618795590838263,0.8259807800117407,28.82074599918042,362.84423528141747,23.913558406938023,7.009586372037575,97.11666050039204,184.04852528053325,46.16247950577572,0.7258698733389874,0.7451047003393865,0.9741850682304946,1.2440570779527351,1.2440570779527351,0.7580060170309199,0.7322029182098748,66.77120126618304,43.54470917489709,1.2440570779527342,48.25588650830808,-46.14818258945481,0,0,0,,0.7139215614635326,0.7139215614635326,0.7139215614635326,0.36803383838838816,1.987382404729134,1.987382404729134
no_tail,0,45,0,r45,0816,1,telemetry/raw/no_tail/roll/roll_045deg/nt_roll_045deg_0816_rep01.csv,50,0.7688000000000024,2.8991171232000177,0.480286956480625,0.8273194878148864,0.5805338367516972,31.082492193320437,24.658206043333447,-17.704047672880336,75.5039093846945,17.704047672880336,0.8470322249721098,0.6571174001326585,81.42146113227093,589.6928166725631,24.0016529795613,13.912312719680926,519.1056412787103,56.17096171348608,47.686461810052975,0.7370372714112448,0.7467057397430519,0.9870518360617744,1.4006999283473192,1.4006999283473192,0.7531259777938002,0.7402834064013202,69.09473047462969,44.417889394482245,1.4774103240726297,-56.073411442432544,1.909821453676984,0,0,0,,0.7139215614635326,0.7139215614635326,0.7139215614635326,0.3826420580530251,2.015954281067607,2.015954281067607
no_tail,0,45,0,r45,0816,2,telemetry/raw/no_tail/roll/roll_045deg/nt_roll_045deg_0816_rep02.csv,50,0.8030999999999988,3.1635759370499907,0.7680576815096355,0.9440009698664834,0.8136195894144761,10.079825424032988,-3.0571620684065897,-9.595796801990586,33.548473905394296,9.595796801990586,0.9873302619276663,0.8921339697950851,8.095380357003966,77.34074144045171,2.1637316110877123,0.7207175485228845,63.97179663822466,42.315227133538365,47.10242358747789,0.7467008784474422,0.7467008784474422,1.0,1.5266809777374346,1.5266809777374346,0.7467008784474422,0.7467008784474422,49.86478397691347,45.573910225957256,1.5266809777374402,-40.11151878864624,-28.669058112137893,0,0,0,,0.7139215614635326,0.7139215614635326,0.7139215614635326,0.2957276041482255,1.9416480347640561,1.9416480347640561
no_tail,0,45,0,r45,0816,3,telemetry/raw/no_tail/roll/roll_045deg/nt_roll_045deg_0816_rep03.csv,50,0.8229000000000006,3.3214914310500054,0.6990262290507956,0.9040565779149743,0.7732107106205232,17.269815975304628,-16.415094561105576,5.218744923101594,40.82207208830583,5.218744923101594,0.8653938722323637,0.905958978931672,38.38680558823436,45.66569960849467,21.760682123760773,10.923789259684327,42.18336770289294,15.720709811932855,48.911501456378744,0.7392889317123662,0.7392889317123662,1.0,0.6662386809076131,0.6662386809076131,0.7392889317123662,0.7392889317123662,59.29039837654554,46.92437074236882,0.6662386809076178,-6.121580006028724,-58.595559966100424,1,0,0,,0.4615999999999989,0.7139215614635326,0.7139215614635326,0.30762251132025453,2.016231687269043,2.016231687269043
no_tail,0,90,0,r90,0810,1,telemetry/raw/no_tail/roll/roll_090deg/nt_roll_090deg_0810_rep01.csv,50,0.8030999999999988,3.1635759370499907,0.44642281186903116,0.876335953468515,0.5094197152383184,22.259528375667294,14.86018483150196,-16.18748254504178,88.30445125710268,16.18748254504178,0.8631455741408496,0.775218544563915,47.46817319588142,23.618709599929698,23.31088920615491,8.196313083625228,7.97209195222374,8.952525948102716,95.47077697490172,0.44408227029854747,0.459922521506857,0.9655588703149138,-2.149373112325986,2.149373112325986,0.47713084841509756,0.4427143634648887,52.84830769128536,94.1193504694387,-2.149373112325978,34.82113404105169,-27.553168396335206,0,0,0,,0.7139215614635326,0.7139215614635326,0.7139215614635326,0.5604454707427536,1.8680728905881443,1.8680728905881443
no_tail,0,90,0,r90,0810,2,telemetry/raw/no_tail/roll/roll_090deg/nt_roll_090deg_0810_rep02.csv,50,0.7828999999999997,3.006433471049998,0.7743497802511551,0.9710696025179909,0.7974194416582089,5.20747154676164,-4.465618936422273,2.6733784288264193,36.464500501522394,2.6733784288264193,0.884307201173956,0.9090679156657127,29.90972824479535,492.964510795813,4.391570957605325,20.376523817674666,326.8630403690962,267.8263492496106,93.49088205521349,0.4707781117295376,0.4832532617079185,0.9741850682304946,-0.30769569459569107,0.30769569459569107,0.4961605412460899,0.4703459829677181,23.949779093331454,90.69111254205926,-0.3076956945956895,-5.530441986526976,-22.140066942746845,0,0,0,,0.7139215614635326,0.7139215614635326,0.7139215614635326,0.4552045221974661,1.9576795041906665,1.9576795041906665
no_tail,0,90,0,r90,0810,3,telemetry/raw/no_tail/roll/roll_090deg/nt_roll_090deg_0810_rep03.csv,50,0.8029999999999973,3.1627881449999786,0.5495215615673453,0.9889223502880381,0.5556771584819467,1.9939769481531446,1.7996147100101059,0.8583973867003121,79.97811147324958,0.8583973867003121,0.7688316723281323,0.7872919731527168,43.658129142017074,663.3409829371104,19.93723061785721,37.31201065520486,630.6443600135758,7.317354846226252,95.54586018658141,0.47095116575749696,0.4729987843306901,0.9956709855479003,-0.18555516636159347,0.18555516636159347,0.4751632801302217,0.47083428854438025,11.215250762486832,94.47063306867415,-0.18555516636159175,-2.6734769867328794,0.7753090086177088,0,0,0,,0.7139215614635326,0.7139215614635326,0.7139215614635326,0.5017444400981601,2.090489288857536,2.090489288857536
no_tail,0,90,0,r90,0816,1,telemetry/raw/no_tail/roll/roll_090deg/nt_roll_090deg_0816_rep01.csv,50,0.8229000000000006,3.3214914310500054,0.8730025804550537,0.9575154931573432,0.9117372895726065,7.647211231678219,-7.38932412766594,-1.9582772338715193,15.887287876930834,1.9582772338715193,0.9323076237932482,0.9463433999881611,20.122301480326065,296.2248332356709,7.365300741413591,9.733495504953169,179.95145629450732,202.79601910358758,90.60284150863616,0.4887744420291293,0.49733889878436444,0.9827794351574568,0.13502321024889116,0.13502321024889116,0.5059491572946841,0.4887286402848644,40.06604175701575,88.92914871309266,0.13502321024888136,2.799532746729195,-39.47275021126032,1,1,0,0.5419999999999998,0.5017999999999994,0.5419999999999998,0.7139215614635326,0.4255959359334936,1.580273581998229,1.580273581998229
no_tail,0,90,0,r90,0816,2,telemetry/raw/no_tail/roll/roll_090deg/nt_roll_090deg_0816_rep02.csv,50,0.7629999999999999,2.8555389449999993,0.6593946748861503,0.8805999430791629,0.7488016324194482,21.49201024575068,21.349664437686105,2.355603548272132,45.21570616449934,2.355603548272132,0.8014103001511335,0.8623890553568812,36.69663491427117,282.4215889665088,27.464298833707687,23.836608778661542,92.27007341488205,256.9042549322967,90.56534347523724,0.48782525634902063,0.4942245569345055,0.9870518360617744,0.8247012820001578,0.8247012820001578,0.5006783776891421,0.48777075111874346,48.55299891748772,89.87787932763366,0.8259400827615583,-26.14785396567708,-40.69700890264511,0,0,0,,0.7139215614635326,0.7139215614635326,0.7139215614635326,0.5030630526745395,1.9592468540357448,1.9592468540357448
no_tail,0,90,0,r90,0816,3,telemetry/raw/no_tail/roll/roll_090deg/nt_roll_090deg_0816_rep03.csv,50,0.7225000000000001,2.5604406562500013,0.6064187314932649,0.7774333106022779,0.7800266893934246,40.062004091589976,-39.318088877996956,6.4862443449292,39.59519590918358,6.4862443449292,0.8212100496846569,0.70982559877889,43.1528768646173,106.83606937104233,25.757753709922014,19.993577825477672,68.75269490482802,11.974483099265825,90.29615581459036,0.5109268964073729,0.5115456505510307,0.9987904224325016,0.12677230521266783,0.12677230521266783,0.511544291174384,0.5115469682601983,22.31419157604041,87.92202193235745,0.13365537929197646,14.675843202617576,1.3434372028572628,0,0,0,,0.7139215614635326,0.7139215614635326,0.7139215614635326,0.46359841316671946,1.7022169264964588,1.7022169264964588
no_tail,0,90,0,r90,0816,4,telemetry/raw/no_tail/roll/roll_090deg/nt_roll_090deg_0816_rep04.csv,50,0.8032000000000004,3.1643638272000025,0.7082257743048902,0.8092311936407708,0.8751834826318888,34.33838514466125,4.874797346287667,-33.892855321873704,22.466973126260015,33.892855321873704,0.8552492639009062,0.7610586133832272,46.22934334616034,50.937997471028886,3.484528749746687,25.837232586613936,6.581722607468587,50.07768392845024,90.93845765677872,0.5008916497971257,0.5119244958032649,0.9784482944328978,1.846816402956844,1.846816402956844,0.5226582140302306,0.5011906709607235,38.57640530312301,85.91939057909191,1.8501535170558856,5.571708853148446,10.607594915506256,0,0,0,,0.7139215614635326,0.7139215614635326,0.7139215614635326,0.4644116903462533,1.8431347696419775,1.8431347696419775
no_tail,0,180,0,r180,0816,1,telemetry/raw/no_tail/roll/roll_180deg/nt_roll_180deg_0816_rep01.csv,50,0.7846999999999991,3.0202738114499925,0.363514375848616,0.745278814574123,0.4877562178610164,45.84981337665785,45.34203894318473,5.4012008598381485,92.20388078501705,5.4012008598381485,0.6156579326292371,0.7280852101260228,70.43308579719569,70.99822058169534,57.75340654977876,48.233161864811564,58.9719844595967,7.382137359650452,175.0466169400858,0.01679450753695357,0.017164430284675958,0.9784482944328978,0.7054047538074162,0.7054047538074162,0.027668819253755195,0.00747606107672627,59.77205445340001,175.0554223831984,0.5969057353061794,-22.190098379839863,54.52272177700503,0,0,0,,0.7139215614635326,0.7139215614635326,0.7139215614635326,0.7996131980974562,1.8931534447911536,1.8931534447911536
no_tail,0,180,0,r180,0816,2,telemetry/raw/no_tail/roll/roll_180deg/nt_roll_180deg_0816_rep02.csv,50,0.7832000000000008,3.008737987200006,0.7518378532517036,0.8226150698076256,0.9139607099922523,31.929287434627394,-31.905851497081848,-1.097875999068621,15.487072201394577,1.097875999068621,0.8388886883102269,0.8057296374447076,31.337616007269144,626.3429237832127,28.429343033877757,5.980021987715787,12.077608862786516,113.94608336797543,178.69900672148376,0.008722431771115988,0.00883685278973545,0.9870518360617744,1.5829744664602299,1.5829744664602299,0.010929962238620305,0.010978240490895574,16.717504640913134,178.99567337533225,1.6918206821440378,14.563633705499324,-3.2319928977219954,0,0,0,,0.7139215614635326,0.7139215614635326,0.7139215614635326,0.7152394833324479,1.8379237578137764,1.8379237578137764
no_tail,0,180,0,r180,0816,3,telemetry/raw/no_tail/roll/roll_180deg/nt_roll_180deg_0816_rep03.csv,50,0.7426999999999992,2.7056141374499947,0.7740947539080942,0.8555115210335454,0.904832646757239,26.00792621396182,22.751337890862633,11.927811484951185,17.130123583696978,11.927811484951185,0.8757437978190703,0.8308274353844923,32.4993800123225,325.64096815881516,21.995929321217375,4.156911202600412,217.55667490152047,233.59009531205172,179.60133726461788,0.015507716078133107,0.015577735219311717,0.9955051783720263,2.7968721717958243,2.7968721717958243,0.016471101329631588,0.014970912306023099,70.07365039930635,-179.410779651673,2.9057091519192855,2.0698664873218426,-30.813251341813675,0,0,0,,0.7139215614635326,0.7139215614635326,0.7139215614635326,0.7240839323516371,1.7160124669088703,2.091326690558234
no_tail,0,180,0,r180,0817,1,telemetry/raw/no_tail/roll/roll_180deg/nt_roll_180deg_0817_rep01.csv,50,0.8432999999999993,3.488214735449994,0.7066451614041439,0.8887848206051701,0.7950688907164188,20.018732291069387,-15.481238738345077,-12.376615584416223,36.88759967104461,12.376615584416223,0.8236309049832886,0.8827244997551253,35.29461904125642,491.19649150900665,13.58429409239531,28.971736775572452,180.45317803984656,432.347849652885,178.92994358318987,0.005114484300615078,0.005158821102076883,0.9914056330730376,-0.8346070953622777,0.8346070953622777,0.008032023802978738,0.0050638348252389775,72.4526085066752,178.8194221980103,-0.8346070953622629,71.88547698151876,-8.814510428499933,0,0,0,,0.7139215614635326,0.7139215614635326,0.7139215614635326,0.7156126187554127,1.554616315323384,1.554616315323384
no_tail,0,180,0,r180,0817,2,telemetry/raw/no_tail/roll/roll_180deg/nt_roll_180deg_0817_rep02.csv,50,0.7227000000000032,2.5618583974500226,0.5932514048140539,0.8532768292963575,0.6952625272893794,26.410170726655654,-18.664098434475417,-17.993949013243185,54.8527450879117,17.993949013243185,0.7461374569525155,0.8597479250361463,51.83127992334763,423.56847810848797,25.669553166014992,39.19885698283815,100.45932989843766,347.9596636824855,179.55939984581562,0.03176413280114228,0.03232106450357686,0.9827687698103833,-5.749055128544887,5.749055128544887,0.0327451837714291,0.03413218362510029,74.99135426056131,179.34635129395662,-5.857903880253897,68.72979960198799,-28.835779279162935,0,0,0,,0.7139215614635326,0.7139215614635326,0.7139215614635326,0.7447984491035448,1.6811808056597402,1.6811808056597402
no_tail,0,180,0,r180,0817,3,telemetry/raw/no_tail/roll/roll_180deg/nt_roll_180deg_0817_rep03.csv,50,0.8231000000000002,3.3231061570500016,0.4378959997787176,0.8724690074939561,0.5019043610918765,22.955578651087897,22.89988018480278,1.5134570734032482,89.65721500346221,1.5134570734032482,0.6929796864589499,0.7679262056638277,60.354500860194534,94.77536814817081,45.2380721504328,35.98318665726626,57.38947060309549,68.6704863164222,175.91453913156283,0.018163367720469944,0.018481033282915504,0.9828112661460753,-1.9340558746738625,1.9340558746738625,0.02595754908704706,0.01252888454154355,27.78664569523756,175.74591471566876,-1.9340558746738579,-5.741996667979835,-23.36738270046694,0,0,0,,0.7139215614635326,0.7139215614635326,0.7139215614635326,0.7386234182922078,1.9504665362583895,1.9504665362583895
no_tail,0,180,15,r180_p15,0817,1,telemetry/raw/no_tail/roll_pitch/roll_180deg_pitch_+015deg/nt_roll_180deg_pitch_+015deg_0817_rep01.csv,50,0.8230000000000004,3.3222987450000034,0.6095097045137311,0.8967897592181365,0.6796572978767401,18.577843340735427,-17.39941914730577,-6.3105312673724905,57.66168638218677,6.3105312673724905,0.8290104632873584,0.7973612402822113,31.758282935494453,119.414246861084,24.37210929610373,19.402203037824563,95.37136328705311,64.40521365080593,178.37029897210525,0.08272589477949635,0.08529708553883875,0.969856053778395,-15.197072899105592,15.197072899105592,0.08447293874282269,0.0886517036114044,46.930575911955074,179.49916831991544,-15.19707289910558,-15.856860551287369,43.06285776127099,0,0,0,,0.7139215614635326,0.7139215614635326,0.7139215614635326,0.725692355705403,1.6235005833064389,2.1065025658370073
no_tail,0,180,15,r180_p15,0817,2,telemetry/raw/no_tail/roll_pitch/roll_180deg_pitch_+015deg/nt_roll_180deg_pitch_+015deg_0817_rep02.csv,50,0.7628000000000004,2.854042135200003,0.8063927508723614,0.8556878490308865,0.9423912607683346,25.97618717444043,-11.212385283751878,23.108258596572558,10.369573061699782,23.108258596572558,0.8331593460548001,0.8758772905114609,33.11922468763212,153.62453269372185,11.690065181334461,27.860280508654768,19.201148153741606,136.95611725659273,177.96466985669278,0.08896717727377441,0.0913273723423037,0.9741567614615797,-16.438801828212394,16.438801828212394,0.09275979909607801,0.09166098448007165,71.54217767916073,177.74219149612674,-16.547711909524885,27.289091412331942,53.652206527639635,0,0,0,,0.7139215614635308,0.7139215614635308,0.7139215614635308,0.665341075610179,1.6702248878770654,2.2055508223151703
no_tail,0,180,15,r180_p15,0817,3,telemetry/raw/no_tail/roll_pitch/roll_180deg_pitch_+015deg/nt_roll_180deg_pitch_+015deg_0817_rep03.csv,50,0.8233999999999995,3.3255289817999962,0.9185064476845791,0.9700971022503377,0.9468190818773877,5.382521594939206,5.043734591297715,-1.874580195417147,9.572565262070217,1.874580195417147,0.9810809932517873,0.9591030635091409,14.701036374229485,188.82885741280077,3.0528923225440394,1.5096023595359327,77.38166500247812,101.84533964222936,177.99265378942616,0.08494249917851149,0.08797429964134207,0.9655376573022942,-15.811162535767313,15.811162535767313,0.08927266159754199,0.08993318970930853,91.43060441075092,177.78749480347665,-15.92001147325194,43.79805376097017,79.72301238840589,1,1,0,0.6025999999999989,0.5824999999999996,0.6025999999999989,0.7139215614635326,0.6069013913489992,1.7030298234520806,2.1578276152913873
no_tail,0,180,15,r180_p15,0817,4,telemetry/raw/no_tail/roll_pitch/roll_180deg_pitch_+015deg/nt_roll_180deg_pitch_+015deg_0817_rep04.csv,50,0.8031000000000006,3.163575937050005,0.8708543280979308,0.9471558846025689,0.9194413952919116,9.511940771537601,-2.776451884675761,-9.09050513585398,14.500548847455903,9.09050513585398,0.940438345697815,0.9538104651428627,10.792423362266996,92.68868296247892,2.1854495712715902,10.4985392283632,31.065573534770802,67.1701066368206,179.79716920445082,0.07478473557843152,0.07780004510316385,0.9612428306341725,-13.651613924229846,13.651613924229846,0.07646812172510653,0.08363554164818388,142.27670497892618,179.6667243444944,-13.760304394395247,69.28649543548062,122.88445946568032,1,1,1,0.5821000000000005,0.5419999999999998,0.5821000000000005,0.6021999999999998,0.5788284659362176,1.4597077713681474,1.9945586889058962
no_tail,0,180,15,r180_p15,0817,5,telemetry/raw/no_tail/roll_pitch/roll_180deg_pitch_+015deg/nt_roll_180deg_pitch_+015deg_0817_rep05.csv,50,0.802999999999999,3.162788144999993,0.8771064927244854,0.9202068796054782,0.9531622857465798,14.362761671013915,-13.06830030257148,-5.8552270122842405,8.430788565615641,5.8552270122842405,0.9105536901498088,0.926210209428216,26.959928311992048,170.61954056293433,15.82473502146135,3.004893897954645,111.35032027423624,55.0785269247823,179.76921623106972,0.08287833786351041,0.08507978012361461,0.9741249653336472,-15.262800223225696,15.262800223225696,0.08559393694335304,0.08647296153146966,43.69575575338972,178.94525859766992,-15.37163541463661,12.418875812541149,37.293585811144936,0,0,0,,0.7139215614635326,0.7139215614635326,0.7139215614635326,0.6365275408374351,1.4799427156724498,2.041237615733747
no_tail,0,180,15,r180_p15,0817,6,telemetry/raw/no_tail/roll_pitch/roll_180deg_pitch_+015deg/nt_roll_180deg_pitch_+015deg_0817_rep06.csv,50,0.7642000000000007,2.864528044200005,0.9731913770156202,0.9921085934976139,0.9809323126460358,1.4204531704294934,0.9225220259067094,1.0800179020160168,3.43218372371356,1.0800179020160168,0.9942639400406329,0.9855727326540942,11.171356304075175,142.33856451536886,0.4599355542823105,0.9243997392789538,62.422971902076654,24.38517644247833,177.2230737240841,0.08710509451182889,0.08902061775880976,0.9784822516939757,-15.98501217053037,15.98501217053037,0.0903808886347417,0.08891627071108665,87.4651127841022,176.935626471384,-15.98501217053037,34.24034508017614,80.48443750062573,1,1,0,0.6021999999999998,0.5621000000000009,0.6021999999999998,0.7139215614635326,0.595967490993276,1.631053430306195,2.010533546248357
no_tail,0,180,30,r180_p30,0817,1,telemetry/raw/no_tail/roll_pitch/roll_180deg_pitch_+030deg/nt_roll_180deg_pitch_+030deg_0817_rep01.csv,50,0.783100000000001,3.007969717050008,0.6915979966012853,0.8914361504922477,0.7758244897510467,19.541492911395427,6.243698587908861,-18.440197313128035,40.35159184481159,18.440197313128035,0.94024538408754,0.8402508226525226,38.54931873775884,409.8227393079407,2.765946946450157,10.398154847373377,51.11184919622444,211.5868550500602,178.60114255443173,0.16474669022466504,0.1698671566598361,0.969856053778395,-30.565518162729333,30.565518162729333,0.17009436430844704,0.17084492582538358,106.75442654347725,178.1328962909706,-30.565518162729322,32.900863163862844,100.84725167006768,1,0,0,,0.5420000000000016,0.7139215614635326,0.7139215614635326,0.6018153510851043,1.5937951024639143,2.031978451903203
no_tail,0,180,30,r180_p30,0817,2,telemetry/raw/no_tail/roll_pitch/roll_180deg_pitch_+030deg/nt_roll_180deg_pitch_+030deg_0817_rep02.csv,50,0.7829999999999995,3.0072015449999965,0.664718983473577,0.8834495014814177,0.7524131060789995,20.97908973334483,-1.3083534604154607,-20.934372923963732,44.56564090578009,20.934372923963732,0.9698070724080904,0.7928364421374274,18.872034284141684,366.96337750010935,4.033023598283876,3.6459491445089895,114.32098377978997,245.1880420594014,177.9996012550202,0.16172037846789966,0.1674888848726076,0.9655588703149138,-30.120868026255415,30.120868026255415,0.16759573637275638,0.16897965805205062,67.49202409066906,178.24363867384562,-30.120868026255398,-7.652909330956254,67.05333114561179,0,0,0,,0.7139215614635326,0.7139215614635326,0.7139215614635326,0.6436682067500159,1.5755738350542663,2.167365978959889
no_tail,0,180,30,r180_p30,0817,3,telemetry/raw/no_tail/roll_pitch/roll_180deg_pitch_+030deg/nt_roll_180deg_pitch_+030deg_0817_rep03.csv,50,0.7629000000000001,2.854790491050001,0.7230726252827023,0.8853754614098147,0.8166847363618235,20.63241694623335,12.130593470745453,-16.430613693570095,32.99674745487178,16.430613693570095,0.8972492898386392,0.872593783860516,34.90452112628552,468.37329229924995,8.320383549058192,16.576673460792193,55.34684586528619,156.97735560806137,177.5589006525574,0.1707061612488977,0.1752347958790309,0.9741567614615797,-31.521613288056862,31.521613288056862,0.1758228593423018,0.17550011601933857,147.99277955803322,178.88387374926214,-31.630469946432367,13.206545213752985,138.9555346220173,1,1,0,0.5220000000000002,0.5220000000000002,0.5220000000000002,0.7139215614635326,0.569723569611339,1.5839179482460042,2.2390908501029636
no_tail,0,180,30,r180_p30,0817,4,telemetry/raw/no_tail/roll_pitch/roll_180deg_pitch_+030deg/nt_roll_180deg_pitch_+030deg_0817_rep04.csv,50,0.8028999999999975,3.1620004510499804,0.9620514719729263,0.9824006454183085,0.9792862784238935,3.167883824704464,1.9447836665773708,2.499699626007123,3.728469883699163,2.499699626007123,0.9777298152694005,0.9846212522248383,31.701972301274473,217.16431351618354,3.335387120619231,2.224843046107253,4.567476055881392,72.55058665676003,177.09018439514742,0.16143059732678855,0.1671924405080425,0.9655376573022942,-29.788582462343598,29.788582462343598,0.16625958275617247,0.16971480522774274,75.92613036738133,-178.60340654341604,-29.897135641023766,42.60734613960609,62.83681873335639,1,1,1,0.5017999999999994,0.4817,0.5017999999999994,0.5218999999999987,0.5052706366468238,1.551104172602961,2.0535417166861025
no_tail,0,180,30,r180_p30,0817,5,telemetry/raw/no_tail/roll_pitch/roll_180deg_pitch_+030deg/nt_roll_180deg_pitch_+030deg_0817_rep05.csv,50,0.7626999999999988,2.853293877449991,0.6879686179072914,0.9008284917657823,0.7637065481340981,17.8508714821592,0.8100231732393777,-17.831239662375097,42.532821335862344,17.831239662375097,0.9772717098992104,0.8234766095584471,19.12182463885885,501.2111225622882,0.12429934025726652,4.089206702204336,182.6038990356458,342.39463007883637,179.9650495633624,0.15215679585828878,0.1575841727896543,0.9655588703149138,-28.28558129157513,28.28558129157513,0.15721235605485806,0.15966807311045472,34.492053365208754,179.11694799740053,-28.285581291575127,24.96683015704413,23.76196658068079,0,0,0,,0.7139215614635326,0.7139215614635326,0.7139215614635326,0.6158838561154686,1.427829175091639,1.8194886390520126
no_tail,0,180,30,r180_p30,0817,6,telemetry/raw/no_tail/roll_pitch/roll_180deg_pitch_+030deg/nt_roll_180deg_pitch_+030deg_0817_rep06.csv,50,0.803799999999999,3.1690932281999924,0.6482824044895578,0.8222220209747126,0.7884517660096769,32.00003622455172,8.40213713322654,-30.62227775099049,38.07868211825815,30.62227775099049,0.874369327710906,0.7687430958757729,23.475276236019564,131.62445723224465,2.5628993742851094,22.475394065943107,63.27597120638501,77.29053563049716,179.86008477696117,0.15752135849710594,0.1582011779830379,0.9957028165365188,-28.470691130748403,28.470691130748403,0.15825503590801437,0.15817404708411176,67.60729493435119,179.02749323644926,-28.4706911307484,-24.095126430030557,63.16185645751894,0,0,0,,0.7139215614635326,0.7139215614635326,0.7139215614635326,0.6544814069690477,1.4768602510515303,1.976699404731072
no_tail,0,180,45,r180_p45,0817,1,telemetry/raw/no_tail/roll_pitch/roll_180deg_pitch_+045deg/nt_roll_180deg_pitch_+045deg_0817_rep01.csv,50,0.7828999999999979,3.0064334710499843,0.7583954840910535,0.8517748491335949,0.8903708355118437,26.68052715595291,3.241524921901433,-26.45153917134724,19.73324960786814,26.45153917134724,0.8732998505803427,0.8300988584801151,27.280797789587343,131.01937822003796,0.1118926885703786,22.805767057195794,21.874434871897414,43.828254033209475,177.58684800525486,0.23299480107262133,0.24130563991052234,0.9655588703149138,-43.42829902415438,43.42829902415438,0.2415265808743,0.24206738464047317,94.39263032845722,177.75386021547777,-43.42829902415436,60.771900838711154,71.68118797302246,0,0,0,,0.7139215614635326,0.7139215614635326,0.7139215614635326,0.6087564485119865,1.7411169771150719,2.192038153027911
no_tail,0,180,45,r180_p45,0817,2,telemetry/raw/no_tail/roll_pitch/roll_180deg_pitch_+045deg/nt_roll_180deg_pitch_+045deg_0817_rep02.csv,50,0.8230000000000004,3.3222987450000034,0.4958830866482193,0.7984993230496765,0.6210187940477054,36.27012185105822,-11.942629763614026,-33.65709063813395,68.21661707141301,33.65709063813395,0.9148970730405901,0.6213531030040094,18.706430248925276,56.29834801203309,15.31830602827273,0.08325442854146559,5.162118409979521,16.74570868797185,177.1392044141299,0.23788722958670933,0.24858962597380863,0.9569475341331142,-44.71801576755487,44.71801576755487,0.24804358052364972,0.2505969712658276,95.92034918393736,177.9113697306989,-44.60927021547721,89.97095845878117,-27.679856642773416,0,0,0,,0.7139215614635326,0.7139215614635326,0.7139215614635326,0.7212324059665346,1.360115896857333,1.8669344371921135
no_tail,0,180,45,r180_p45,0817,3,telemetry/raw/no_tail/roll_pitch/roll_180deg_pitch_+045deg/nt_roll_180deg_pitch_+045deg_0817_rep03.csv,50,0.7658999999999985,2.8772867830499886,0.8624352530427932,0.9161560039965315,0.9413628784624091,15.091919280624326,-15.088930126313633,0.2934304864949529,10.554681876766372,0.2934304864949529,0.8900017561738534,0.9407043585156021,27.88618826746654,271.03385770814145,19.598614533866055,2.8715828523723133,27.140656078881925,247.11706879182483,179.83911151726545,0.24712909031066435,0.25708825566545157,0.9612616868514327,-46.184995402831994,46.184995402831994,0.2565849871270147,0.25871408819261876,46.10255049778397,179.8099943727048,-46.184995402831994,40.168383968372936,18.688197874342336,0,0,0,,0.7139215614635326,0.7139215614635326,0.7139215614635326,0.621345558669724,1.561723138373205,2.0759203453453137
no_tail,0,180,45,r180_p45,0817,4,telemetry/raw/no_tail/roll_pitch/roll_180deg_pitch_+045deg/nt_roll_180deg_pitch_+045deg_0817_rep04.csv,50,0.8030000000000008,3.1627881450000066,0.5971207061288948,0.8667725404337348,0.6889012725646504,23.98094272192775,-4.317069660037749,-23.54073633584225,55.99777093836292,23.54073633584225,0.9550745364533384,0.7164675115334798,12.435716395443407,84.53709879030566,6.75907752644423,4.449682254356077,39.06051656522471,66.50191039078686,175.91449712816416,0.2409692410604752,0.2506801679049111,0.9612616868514327,-45.01057124991109,45.01057124991109,0.2500591830784452,0.25246877974353554,51.657020925745414,-179.90322150496831,-45.010571249911074,46.47919211226477,-4.090199618522241,0,0,0,,0.7139215614635326,0.7139215614635326,0.7139215614635326,0.6931089796910912,1.382142032732193,1.7969283457071505
no_tail,0,180,45,r180_p45,0817,5,telemetry/raw/no_tail/roll_pitch/roll_180deg_pitch_+045deg/nt_roll_180deg_pitch_+045deg_0817_rep05.csv,50,0.803799999999999,3.1690932281999924,0.5210245295634109,0.8690513999784077,0.5995324667520887,23.570748003886596,-23.07713965245352,-4.539583054341001,72.08415598462403,4.539583054341001,0.7821732933629736,0.7562973480480562,39.73794828443042,46.091213723201676,32.19064634411461,23.710061720752577,19.291874165036965,9.682349399773578,178.3912750926607,0.22516146926467012,0.23216548079358656,0.9698318134764248,-41.773535745993875,41.773535745993875,0.23234087991764996,0.23278894920657167,75.66340425419143,176.0000010029446,-41.66475510280881,67.0372578700997,-30.546356350919154,0,0,0,,0.7139215614635326,0.7139215614635326,0.7139215614635326,0.7305768958799307,1.2662206628594466,1.7064601476965309
no_tail,0,180,45,r180_p45,0817,6,telemetry/raw/no_tail/roll_pitch/roll_180deg_pitch_+045deg/nt_roll_180deg_pitch_+045deg_0817_rep06.csv,50,0.7855999999999987,3.0272059007999905,0.8736825741693736,0.9305717911590595,0.938866385667216,12.497077591369292,-9.609168350407904,7.914524731628798,11.004050579901124,7.914524731628798,0.9266758733701286,0.93109326081856,17.715810817441547,303.2642121829432,12.204054783065885,5.0642407020311,105.69879567069839,151.69974716286774,179.99300986146352,0.23974708088424454,0.24082215265795492,0.9955358269085929,-43.346498763440614,43.346498763440614,0.24145036277212772,0.24020924187430226,39.00068776162272,-179.21334206639693,-43.45536605556048,2.7782345490627884,36.017341510749525,0,0,0,,0.7139215614635326,0.7139215614635326,0.7139215614635326,0.5844270591116022,1.7554032557157506,2.273348964071229
with_tail,1,45,0,r45,0810,1,telemetry/raw/with_tail/roll/roll_045deg/wt_roll_045deg_0810_rep01.csv,49,0.8230000000000004,3.3222987450000034,0.9038716658620856,0.9556611592345521,0.9458076820722232,7.9809913377806225,-4.4715182858967895,-6.597227496996859,9.754617226999827,6.597227496996859,0.9288161372048972,0.9818649094056903,31.975879728052334,163.62294395543353,7.925435687877979,10.10028256748916,143.7658739971,60.68055882824855,47.531988038603735,0.723946560049695,0.7497447511377011,0.9655907013035322,1.4664737249630941,1.4664737249630941,0.7669374927065309,0.7325507894571386,51.27916623424144,41.93036276193507,1.4664737249630855,47.28437612872338,-18.780134343973184,1,1,1,0.3813999999999993,0.3613999999999997,0.3813999999999993,0.4416000000000011,0.25951596892728795,1.547141475424361,2.128314002355853
with_tail,1,45,0,r45,0810,2,telemetry/raw/with_tail/roll/roll_045deg/wt_roll_045deg_0810_rep02.csv,50,0.802999999999999,3.162788144999993,0.9240241237278946,0.9654159660064857,0.9571253804204093,6.225126118832573,5.21532724413825,-3.389505259093589,7.717431524326334,3.389505259093589,0.9559754222139969,0.9736087209432532,8.107118264776119,97.68187026527046,6.254969686212462,4.8750781427148695,66.61344866156186,60.891149825637285,49.50103117945016,0.7210073967046023,0.7401348789314321,0.9741567614615797,1.002688505296583,1.002688505296583,0.7530228133507857,0.7272444705001182,68.94168283539658,44.44555018067559,1.0782805836765428,55.77618248193667,-39.05626370362131,1,1,1,0.42159999999999975,0.4016000000000002,0.42159999999999975,0.5220000000000002,0.3010299397999735,1.4825597177596228,1.978649536209751
with_tail,1,45,0,r45,0810,3,telemetry/raw/with_tail/roll/roll_045deg/wt_roll_045deg_0810_rep03.csv,50,0.7829999999999995,3.0072015449999965,0.7967271927244357,0.8914986056606597,0.8936942667835222,19.530250981081245,13.923756817889185,-13.418968759453202,19.13503197896601,13.418968759453202,0.8649738085103855,0.9034636472483117,30.255126449846532,237.67251244241,14.336473192624936,19.83675691854873,59.287532242345776,154.46619641864402,56.27454394241276,0.7252540906506432,0.7315412243549488,0.9914056330730378,0.8923412025944046,0.8923412025944046,0.7358374621591502,0.7272449640909084,56.944901080477685,47.54289943337708,0.8923412025944024,20.15400370702494,-49.905189828746906,1,0,0,,0.3613999999999997,0.7139215614635326,0.7139215614635326,0.30146611464954304,1.4826531232550781,1.936132846913643
with_tail,1,45,0,r45,0816,1,telemetry/raw/with_tail/roll/roll_045deg/wt_roll_045deg_0816_rep01.csv,50,0.8028000000000013,3.1612128552000103,0.887554252636872,0.9282956892268995,0.9561115740783439,12.906775939158088,12.806856939517415,-1.576237213541799,7.899916665898097,1.576237213541799,0.9065179448503425,0.9500352048976619,21.047344270433896,263.1303881413017,16.72339738998778,1.8894806673021662,164.1756597260418,18.677294776662638,48.05629767458675,0.7311942908987404,0.7472998778361976,0.9784482944328978,1.370845072462658,1.370845072462658,0.7365266956045342,0.7580728774627649,41.293388628710304,47.40833466753479,1.4498532435282048,-31.789568487499277,-23.087992854714454,1,1,1,0.40140000000000065,0.3813999999999993,0.40140000000000065,0.5217999999999989,0.2810178391867072,1.6018282062682114,2.1054921778648175
with_tail,1,45,0,r45,0816,2,telemetry/raw/with_tail/roll/roll_045deg/wt_roll_045deg_0816_rep02.csv,50,0.7639999999999993,2.863028879999995,0.8848707789262263,0.9403798433622265,0.940971656477096,10.73162819479924,-3.587123447732758,10.100957829739519,10.625101834122727,10.100957829739519,0.9143513786850876,0.9611520102372568,20.293921461055376,65.26590010252187,2.3859737740926334,15.23542563083933,42.59904711352227,43.472107143921434,46.26096461103535,0.739457245554221,0.7426485425906197,0.9957028165365188,0.4408956648582921,0.4408956648582921,0.7447970119186001,0.7405000716949312,15.250166021986702,45.93489599674226,0.44089566485830356,-8.391810341356296,-12.517156349028085,1,1,1,0.3022999999999989,0.2621000000000002,0.3022999999999989,0.38260000000000005,0.20184932409678727,1.3693242545219353,1.885495113778067
with_tail,1,45,0,r45,0816,3,telemetry/raw/with_tail/roll/roll_045deg/wt_roll_045deg_0816_rep03.csv,50,0.8063000000000002,3.188837079450002,0.8012320717452981,0.8891399947549651,0.9011315163773583,19.95480094410629,-19.70852873692608,3.002417842453694,17.796327052075497,3.002417842453694,0.8845726616934854,0.8777906721853902,28.47296114478673,116.2110015718273,17.43661912140604,11.478156659162039,55.33562494416587,99.1617309917815,48.287038180767304,0.7093471100882531,0.728165258560626,0.9741567614615796,1.0233124388588846,1.0233124388588846,0.7410535987261512,0.7152746460530051,61.26605626426197,46.600442257312324,1.0959086661853052,51.823250035426554,-12.507825131218295,1,1,0,0.3846000000000007,0.3846000000000007,0.3846000000000007,0.7139215614635326,0.30121002674971376,1.3826782821089625,2.0068328399912807
with_tail,1,90,0,r90,0810,1,telemetry/raw/with_tail/roll/roll_090deg/wt_roll_090deg_0810_rep01.csv,50,0.8032000000000004,3.1643638272000025,0.8519633595179662,0.9370506093366111,0.9091967403138633,11.330890319410006,-8.880666502812192,-6.980541279132048,16.344586743504607,6.980541279132048,0.9155234847325637,0.948304114473484,30.201643587238678,64.79520556798312,7.435349041023073,13.301466020990489,16.38122673111492,61.5765641502345,93.1849520919777,0.47339789773914215,0.4859583478667847,0.9741532372418762,-0.6042826206173315,0.6042826206173315,0.498881009990385,0.4730356883271999,55.74643631483619,90.20142940450484,-0.6042826206173335,40.828912845547876,12.923782540337555,1,1,1,0.5217999999999989,0.5017999999999994,0.5217999999999989,0.5423000000000009,0.3939654142158757,1.5833960627513919,2.2211992432399303
with_tail,1,90,0,r90,0810,2,telemetry/raw/with_tail/roll/roll_090deg/wt_roll_090deg_0810_rep02.csv,50,0.8030000000000008,3.1627881450000066,0.7114546168187494,0.7649614158681179,0.9300529439270525,42.30694514373878,-27.36643494068787,-29.451863332262057,12.590470093130548,29.451863332262057,0.7995619748290964,0.7302892234188916,41.82814623349405,465.72512914546235,26.052235602050956,25.892691052656232,342.02085668930255,75.53222195805888,96.79062373471514,0.4600415466245431,0.4701582944689149,0.9784822516939757,0.2775346258997744,0.2775346258997744,0.4809170416421237,0.4593995481056884,34.40096481727701,93.43497285058537,0.2775346258997809,3.533153171486365,3.4921263324871825,0,0,0,,0.7139215614635326,0.7139215614635326,0.7139215614635326,0.4455102979450761,1.716283299230936,2.389989771571065
with_tail,1,90,0,r90,0810,3,telemetry/raw/with_tail/roll/roll_090deg/wt_roll_090deg_0810_rep03.csv,50,0.7833000000000006,3.0095063554500046,0.6952833151617885,0.7267617580906578,0.9566867098076691,49.1828835436816,-45.839206321517935,-13.948036325336734,7.796392234619567,13.948036325336734,0.746187623941988,0.7071301309540341,57.98203018963059,446.2009032565649,44.47603284243772,11.751701200367847,48.61814119135212,442.5478958796303,90.76863776192995,0.4821353579671258,0.49494199935835725,0.9741249653336472,-1.4779300593282478,1.4779300593282478,0.5078766805613684,0.4820073218230517,44.500483267712355,88.58172448667634,-1.4796577297534017,34.201023903053816,-4.000075529975366,0,0,0,,0.7139215614635326,0.7139215614635326,0.7139215614635326,0.4780831128824075,1.6957507882618648,2.3453984855660597
with_tail,1,90,0,r90,0816,1,telemetry/raw/with_tail/roll/roll_090deg/wt_roll_090deg_0816_rep01.csv,50,0.8030000000000008,3.1627881450000066,0.6732154657970558,0.8016765420330314,0.8397594671908429,35.69822243405434,-29.11247864722416,18.79328805424503,28.843295905648265,18.79328805424503,0.7501833051271503,0.8334453351980458,47.2007190639038,152.87762846288896,33.62878569648291,31.8187245184389,135.42787747017934,67.10265835340216,89.60588784938435,0.47707392549311556,0.4897319099855961,0.9741532372418762,1.5149478376950796,1.5149478376950796,0.5026507728800954,0.4768130589507257,112.26036149997688,89.52269404100151,1.5149478376950787,-50.63356343761213,-100.0196940121767,0,0,0,,0.7139215614635326,0.7139215614635326,0.7139215614635326,0.4186892678962531,1.5247334105160009,2.1287185929996744
with_tail,1,90,0,r90,0816,2,telemetry/raw/with_tail/roll/roll_090deg/wt_roll_090deg_0816_rep02.csv,50,0.7626999999999988,2.853293877449991,0.8570423924615935,0.9309838957395473,0.9205770329472598,12.422898766881472,-11.26078267652887,-5.178530125737031,14.296134069493228,5.178530125737031,0.923862529167738,0.9295606221159951,14.334485177460127,176.46660324480638,9.084147130027844,10.304926400293681,51.02720741786628,132.93651284510096,89.66593811742477,0.4718082914893182,0.4886375196733882,0.9655588703149138,0.09379690380420906,0.09379690380420906,0.5058580614331851,0.4714169780030425,24.090401346168107,88.94554752891109,0.09379690380420824,-22.33422044141104,7.669407840921545,1,1,1,0.42150000000000176,0.40139999999999887,0.42150000000000176,0.5017999999999994,0.36412884026407444,1.5859413244917817,2.179241113371954
with_tail,1,180,0,r180,0810,1,telemetry/raw/with_tail/roll/roll_180deg/wt_roll_180deg_0810_rep01.csv,50,0.7883999999999993,3.048823216799995,0.7637216349386663,0.795462076010609,0.9600981089744378,36.816826318090364,9.539483276196695,-35.16175301345473,7.18234038460119,35.16175301345473,0.8080704668765242,0.7824521674199781,42.14083438316955,110.34982607618224,13.687346938281365,32.034098171349655,72.69954324247924,71.63136134144762,176.12468806631415,0.02265049260591034,0.0230473815340686,0.9827794351574569,-2.8392752969216635,2.8392752969216635,0.029908390451153344,0.01777650603278058,56.3491250771353,175.42421070900988,-2.839275296921659,55.55764914550357,9.292901723220677,0,0,0,,0.7139215614635326,0.7139215614635326,0.7139215614635326,0.6379094468345197,1.547550716173308,2.1716889653026326
with_tail,1,180,0,r180,0810,2,telemetry/raw/with_tail/roll/roll_180deg/wt_roll_180deg_0810_rep02.csv,50,0.8430999999999997,3.4865603770499978,0.8487853508321951,0.9273193867506003,0.9153106933377133,13.082510384891943,3.7984740350814383,-12.500178121983925,15.244075199211593,12.500178121983925,0.9354013064599209,0.9147397082477859,20.051067504930167,65.06753991060437,7.5010906075799255,8.910297297084043,36.0137859178125,2.716608355308413,176.95732379905928,0.009012608510423655,0.00933408494034571,0.9655588703149138,1.6542277266044343,1.6542277266044343,0.018093122373834425,0.020971887688557955,59.90105723049567,177.19425279708588,1.6542277266044427,-33.01866461167536,-45.16064078921896,1,1,0,0.5621000000000009,0.5219999999999985,0.5621000000000009,0.713921561463529,0.5810954449921455,1.4630239069336601,2.068970029122789
with_tail,1,180,0,r180,0810,3,telemetry/raw/with_tail/roll/roll_180deg/wt_roll_180deg_0810_rep03.csv,50,0.8504000000000005,3.5471986848000046,0.6416370962577385,0.8450624124121349,0.7592777608298281,27.888765765815723,26.75076977205583,-7.31166101629349,43.33000305063094,7.31166101629349,0.7722379855088588,0.9158109746029538,41.35031988203295,480.8902290674762,40.88439789291564,3.3470919079380224,255.5908652910892,233.84010878661815,178.30035088505466,0.02358407658853229,0.02431629156208881,0.9698878847670134,-0.800621235326238,0.800621235326238,0.009905274420226262,0.03921466271317797,97.89133188146563,-178.40686491812474,-0.8006212353262396,93.89999273142536,-27.11065398976062,0,0,0,,0.7139215614635326,0.7139215614635326,0.7139215614635326,0.6919590376681315,1.7294748601130818,2.3060806685561497
with_tail,1,180,0,r180,0816,1,telemetry/raw/with_tail/roll/roll_180deg/wt_roll_180deg_0816_rep01.csv,49,0.8057000000000016,3.1840929634500132,0.8702398773032366,0.8804861654941498,0.9883629197226934,21.512490211053034,-18.400963427312316,-10.755666080906707,2.094674449915191,10.755666080906707,0.8812658729467674,0.8795273840027705,48.219802215909475,9.866588238894561,18.895165868155715,10.174950661734869,4.77642226395249,7.553757444985457,178.37731287352534,0.017368377215372925,0.017443334423606016,0.9957028165365188,-2.3252591675802377,2.3252591675802377,0.018953607115352655,0.016078819284308432,77.28133154408448,177.50281258367195,-2.3252591675802345,-75.65593847562567,11.65726972108007,1,1,0,0.6047000000000011,0.5645000000000024,0.6047000000000011,0.7139215614635326,0.580254516006183,1.4710871966183385,2.045849632873445
with_tail,1,180,0,r180,0816,2,telemetry/raw/with_tail/roll/roll_180deg/wt_roll_180deg_0816_rep02.csv,50,0.8031000000000006,3.163575937050005,0.8475084570143361,0.8898101948686223,0.9524598188487468,19.834164923647972,-15.816973210110433,-11.657978877013432,8.557232607225574,11.657978877013432,0.8997856000738523,0.8795166838997112,32.23669879587131,46.503366562721354,14.584569642228246,10.732451994856063,19.03606987500016,38.68099418436315,174.2273834325382,0.02389153243748527,0.024309379898718286,0.9828112661460753,-0.1116434351828572,0.1116434351828572,0.032901674236941236,0.015719345815509156,78.68978389086298,174.07874729648347,-0.111643435182856,-64.02254491247625,-31.35364599568566,1,1,1,0.5219999999999985,0.5019999999999989,0.5219999999999985,0.5421000000000014,0.5581493278046936,1.5647958039670493,2.0244503644070058
with_tail,1,180,0,r180,0816,3,telemetry/raw/with_tail/roll/roll_180deg/wt_roll_180deg_0816_rep03.csv,50,0.7835999999999999,3.0118120487999986,0.7678275706020761,0.8687451837713817,0.8838351969547574,23.625866921151307,12.11925957933032,19.960312393593835,20.90966454814366,19.960312393593835,0.8576250459583485,0.8798652474933008,27.460688559982056,365.6936238777452,9.90702712794726,23.75541042983221,307.82994125229186,177.75445890609643,179.86707728294917,0.004642427470651232,0.00466324500351456,0.9955358269085929,0.7847997871910796,0.7847997871910796,0.004989312438631877,0.0053443567751408905,66.77273507825993,179.9110323806805,0.8936589593117218,-23.87579209917365,-50.02227108230962,1,0,0,,0.5627999999999993,0.7139215614635326,0.7139215614635326,0.6418241023833511,1.7170524773911173,2.1733922940863253
with_tail,1,180,15,r180_p15,0816,1,telemetry/raw/with_tail/roll_pitch/roll_180deg_pitch_+015deg/wt_roll_180deg_pitch_+015deg_0816_rep01.csv,50,0.7828999999999979,3.0064334710499843,0.8030885445149154,0.87729760726056,0.9154117575022584,22.086430693099196,2.601495865921889,-21.91651581067494,15.225883649593486,21.91651581067494,0.8744142653279757,0.8798056751984785,63.959181357075906,292.6922368399632,1.4857752750701536,22.55910710526797,50.98484691737194,140.02081679896165,179.28654456577544,0.07925994058327956,0.07925994058327956,1.0,-14.256283739075583,14.256283739075583,0.07925994058327923,0.07925994058327923,72.02637341803194,179.4468345344643,-14.256283739075581,-20.92446361188196,53.66974823834985,0,0,0,,0.7139215614635326,0.7139215614635326,0.7139215614635326,0.6412192905585833,1.5884837695806278,2.084214348315097
with_tail,1,180,15,r180_p15,0816,2,telemetry/raw/with_tail/roll_pitch/roll_180deg_pitch_+015deg/wt_roll_180deg_pitch_+015deg_0816_rep02.csv,50,0.8029000000000011,3.162000451050009,0.9142102922788704,0.9755644010714145,0.9371091147594542,4.3984078071453805,-4.36276301002688,0.5577494034094473,11.32035934329824,0.5577494034094473,0.9609641769514149,0.9684630332777441,22.162253237720915,549.7715448081337,5.6885617220275435,4.131267971521822,93.02876790023568,510.4803507475413,177.55885730150916,0.08309323746150576,0.084546484481544,0.9828112661460753,-15.207676050369596,15.207676050369596,0.08465465817417916,0.08528801440919398,80.52611049079437,179.0302055102784,-15.207676050369596,-76.7375086764113,-7.972968954617741,0,0,0,,0.7139215614635326,0.7139215614635326,0.7139215614635326,0.6796663494918483,1.5696946889281298,1.95319795687648
with_tail,1,180,15,r180_p15,0816,3,telemetry/raw/with_tail/roll_pitch/roll_180deg_pitch_+015deg/wt_roll_180deg_pitch_+015deg_0816_rep03.csv,50,0.7859000000000016,3.0295183630500127,0.6767230364215069,0.8649949380370985,0.7823433486872996,24.30091115332227,-24.258062903022395,1.3567319052489109,39.17819723628607,1.3567319052489109,0.8528458314306318,0.8483103993639789,53.2176326013694,146.1340969974243,26.3621683555898,2.673723320097679,9.78650756685574,111.88432618688186,177.44686996238855,0.058394169263455864,0.059678312163927605,0.9784822516939757,-10.526049925003301,10.526049925003301,0.06269567644899232,0.05849058660974138,109.6592391096886,175.9076405818301,-10.526049925003296,-89.75270746849976,-54.77731391031077,0,0,0,,0.7139215614635326,0.7139215614635326,0.7139215614635326,0.5942887306012826,1.6276303767197693,2.094466199409311
with_tail,1,180,15,r180_p15,0816,4,telemetry/raw/with_tail/roll_pitch/roll_180deg_pitch_+015deg/wt_roll_180deg_pitch_+015deg_0816_rep04.csv,50,0.7887999999999984,3.0519176831999877,0.880053160864515,0.9296269172945909,0.9466734928735219,12.667154886973636,-1.5264003750320791,12.571809402428313,9.598771282766055,12.571809402428313,0.9345126910016325,0.9242424019003397,23.27124471536153,303.8892329900386,1.3352254744521588,11.712912460268626,89.72544849796037,230.82045624187674,176.33445581281404,0.08513837900088109,0.08662739422466792,0.9828112661460753,-15.498296608913188,15.498296608913188,0.08796668290382226,0.08610794220253404,43.68164574821712,176.71628484375643,-15.498296608913181,-34.69324292805061,2.3938160490529006,0,0,0,,0.7139215614635326,0.7139215614635326,0.7139215614635326,0.5969423157636579,1.6810540610154092,2.1788030114199564
with_tail,1,180,15,r180_p15,0816,5,telemetry/raw/with_tail/roll_pitch/roll_180deg_pitch_+015deg/wt_roll_180deg_pitch_+015deg_0816_rep05.csv,50,0.7830999999999992,3.007969717049994,0.8541393386548122,0.913654620954932,0.9348601966923609,15.542168228112239,-9.840902721302761,11.909150825626666,11.725164595375047,11.909150825626666,0.8858332083231311,0.9375370000405048,27.819179935446524,434.05352440296673,15.373737221338729,13.80451483454408,46.06340892799648,411.53060182629326,179.46142958666232,0.08456348994724308,0.08492844304828939,0.9957028165365188,-15.093918218783024,15.093918218783024,0.08461788941008208,0.08529074876485676,66.8280029370246,177.9353503560282,-15.093918218783028,-59.33206470377043,-29.139486529909906,0,0,0,,0.7139215614635326,0.7139215614635326,0.7139215614635326,0.6958998355588888,1.590597318774414,2.107391887116303
with_tail,1,180,15,r180_p15,0816,6,telemetry/raw/with_tail/roll_pitch/roll_180deg_pitch_+015deg/wt_roll_180deg_pitch_+015deg_0816_rep06.csv,50,0.8029000000000011,3.162000451050009,0.7923514481664924,0.9173372686960172,0.8637515068943068,14.879291634716918,14.604492287093,2.7848389988845863,24.524728759024775,2.7848389988845863,0.978103611201154,0.8546197971350002,23.85325162952191,286.34893961306045,3.448937963774199,1.9087872276703024,90.34138953509114,200.63089802180235,178.33538447442197,0.07590303146111978,0.07757490292842983,0.9784482944328978,-13.897621981151994,13.897621981151994,0.0778761399034017,0.07873161108153837,86.01992232295234,-179.43273840457118,-14.006452390668178,-0.34208848125193114,68.95359607683639,0,0,0,,0.7139215614635326,0.7139215614635326,0.7139215614635326,0.6737910124675621,1.6770918146923348,2.2606413568097596
with_tail,1,180,30,r180_p30,0816,1,telemetry/raw/with_tail/roll_pitch/roll_180deg_pitch_+030deg/wt_roll_180deg_pitch_+030deg_0816_rep01.csv,50,0.7828000000000017,3.0056654952000135,0.7293082699576485,0.9155077088089338,0.796616197701351,15.208612414391915,7.993169580180687,-12.852834241759632,36.60908441375683,12.852834241759632,0.9518901654218012,0.8758881551937939,43.61689445626819,113.0037532596852,4.743808727273205,7.253157444670336,11.69964035471708,112.07352458724368,177.44697388789638,0.15889928806607606,0.16312002435093276,0.9741249653336472,-29.31679341163738,29.31679341163738,0.163509235533271,0.16366411101224076,69.97651931899313,179.37437378577653,-29.42560749663987,-14.904763973042833,66.39995525298016,0,0,0,,0.7139215614635326,0.7139215614635326,0.7139215614635326,0.6283538004269125,1.5098678618561105,1.907941776478033
with_tail,1,180,30,r180_p30,0816,2,telemetry/raw/with_tail/roll_pitch/roll_180deg_pitch_+030deg/wt_roll_180deg_pitch_+030deg_0816_rep02.csv,50,0.8278000000000034,3.361165180200028,0.6320116032385321,0.7737094449450284,0.8168591030751036,40.7322999098949,13.0236193316551,-37.76159513504013,32.965361446481346,37.76159513504013,0.8037495464249218,0.7421271179338185,63.88191440164227,299.17074417700246,7.1431030407907485,34.68768019130923,93.36898943273144,150.65994284282087,175.52276102260066,0.16254092867404252,0.1668583954404358,0.9741249653336472,-30.007867908364545,30.007867908364545,0.1661899575353174,0.16842831593732888,26.4600852491982,179.00051441089101,-29.899035143057887,-3.5620356341445927,-2.488716599237506,0,0,0,,0.713921561463529,0.713921561463529,0.713921561463529,0.6565187748086633,1.5880664100730206,2.1145322177215924
with_tail,1,180,30,r180_p30,0816,3,telemetry/raw/with_tail/roll_pitch/roll_180deg_pitch_+030deg/wt_roll_180deg_pitch_+030deg_0816_rep03.csv,50,0.7829000000000015,3.0064334710500114,0.8029635422248407,0.9160998079073053,0.8765022493117778,15.10203457668505,-0.44639484963999554,-15.095120108494148,22.229595123879996,15.095120108494148,0.9225876921969277,0.9083724392508488,28.457337855900423,383.9587861988877,1.2644284496860791,13.877858956801191,153.71328261889013,62.84954230632014,178.93690279343724,0.171258897782723,0.17349552407383728,0.9871084496095565,-31.09475686060629,31.09475686060629,0.17416867181346452,0.17303592613537,49.26616468372348,175.78828964503901,-31.09475686060628,-33.82934426829606,35.05674843503566,1,0,0,,0.5621000000000009,0.7139215614635326,0.7139215614635326,0.5855535032468432,1.5853769974340797,2.078773724326417
with_tail,1,180,30,r180_p30,0816,4,telemetry/raw/with_tail/roll_pitch/roll_180deg_pitch_+030deg/wt_roll_180deg_pitch_+030deg_0816_rep04.csv,50,0.7828000000000017,3.0056654952000135,0.6745023126132406,0.8780980829652807,0.7681400582671695,21.942345066249473,2.551276517411862,-21.778082021098964,41.7347895119095,21.778082021098964,0.9365556284059613,0.8170705701999843,29.051518531162767,433.54055572134234,0.6518642814743032,11.401613802606335,132.12824822583966,285.81488170036255,178.74106709743143,0.15600786733530447,0.15943862759413296,0.9784822516939757,-28.644456129159447,28.644456129159447,0.1591365672016204,0.16040195078686226,66.21024672007573,179.9112044759466,-28.644456129159437,-65.22404932885928,1.1118090514862011,0,0,0,,0.7139215614635326,0.7139215614635326,0.7139215614635326,0.6154835883129623,1.4670360345192568,1.900263607963748
with_tail,1,180,30,r180_p30,0816,5,telemetry/raw/with_tail/roll_pitch/roll_180deg_pitch_+030deg/wt_roll_180deg_pitch_+030deg_0816_rep05.csv,50,0.8029999999999973,3.1627881449999786,0.762962234529297,0.9053555862013004,0.8427210768429024,17.03599448376592,16.659452425403295,3.4617084742706568,28.31020616827756,3.4617084742706568,0.9088235590178813,0.9013010564443782,36.762504182298464,284.6250945263264,16.39780238004633,0.6861845585228821,229.8413642868939,49.296058181778946,178.10441311537133,0.15186645263958612,0.1558958558404694,0.9741532372418762,-27.870946671620423,27.870946671620423,0.15494461019498296,0.1578176841831742,49.71258401437887,178.9244473027054,-27.870946671620413,-46.66700709357341,-6.0250625501621435,0,0,0,,0.7139215614635326,0.7139215614635326,0.7139215614635326,0.5985174386762474,1.7826983997237267,2.335695798464386
with_tail,1,180,30,r180_p30,0816,6,telemetry/raw/with_tail/roll_pitch/roll_180deg_pitch_+030deg/wt_roll_180deg_pitch_+030deg_0816_rep06.csv,50,0.8030000000000008,3.1627881450000066,0.8281208190342596,0.9094197410023022,0.9106035218913983,16.304446619585605,16.278750066305836,0.8904686567091911,16.09136605954832,0.8904686567091911,0.9255302168238722,0.8932017830839659,29.995592911242163,104.9008627488559,13.318167896507333,1.5333490391232374,75.79281778103011,72.41589646263587,179.0767386835996,0.1507209946828376,0.15335700746885406,0.9828112661460753,-27.461132590998503,27.461132590998503,0.15441479111113732,0.1527384740985931,19.162945916079174,175.52962627517377,-27.461132590998503,14.640664814155775,-8.455719231927684,0,0,0,,0.7139215614635326,0.7139215614635326,0.7139215614635326,0.6099315655741825,1.5828111361822994,2.0289201078353685
with_tail,1,180,45,r180_p45,0817,1,telemetry/raw/with_tail/roll_pitch/roll_180deg_pitch_+045deg/wt_roll_180deg_pitch_+045deg_0817_rep01.csv,50,0.786999999999999,3.038004944999993,0.8802286377262033,0.9463072248258384,0.9301721625217472,9.664699531349092,-7.6416873516573585,5.881774066775698,12.569010746085517,5.881774066775698,0.9134956800289773,0.9776578396943068,15.623025436723339,411.7953657230782,12.866383671161884,8.844587510855547,116.11895524160602,377.4886717981444,177.31389858134315,0.23009982739270096,0.23619724310767076,0.9741850682304946,-42.465332799187536,42.465332799187536,0.23591855946518947,0.2370453622526708,30.480598838399864,179.97120764043865,-42.465332799187514,25.401506913121224,15.536970276611573,0,0,0,,0.7139215614635326,0.7139215614635326,0.7139215614635326,0.6709323523989308,1.6688187088246582,2.2128040814642835
with_tail,1,180,45,r180_p45,0817,2,telemetry/raw/with_tail/roll_pitch/roll_180deg_pitch_+045deg/wt_roll_180deg_pitch_+045deg_0817_rep02.csv,50,0.763499999999997,2.8592826862499776,0.9042935430233372,0.956141852743201,0.9457734126258469,7.894466506223837,-7.550429466845513,2.2917823625406966,9.760785727347555,2.2917823625406966,0.932183542469195,0.9745468968359069,17.367820422459488,542.4805783706076,12.17702850972708,0.8608708868804911,70.67426609653691,449.00932203818604,175.64161547177375,0.23482374099598258,0.23583717661139114,0.9957028165365188,-42.45068885695744,42.45068885695744,0.23584438498473803,0.23584582257242848,54.40488863370543,179.63078786124206,-42.450688856957434,-25.300885481261044,48.089680524741745,0,0,0,,0.7139215614635326,0.7139215614635326,0.7139215614635326,0.6630082914983196,1.609517069081694,2.050161206588557
with_tail,1,180,45,r180_p45,0817,3,telemetry/raw/with_tail/roll_pitch/roll_180deg_pitch_+045deg/wt_roll_180deg_pitch_+045deg_0817_rep03.csv,50,0.7651000000000003,2.871279139050003,0.8730870802798788,0.9033907508682281,0.9664556333356025,17.389664843718954,-11.931107299046975,12.464274523641576,6.037985999591564,12.464274523641576,0.9102615974027235,0.8950979111943512,17.44878399993225,450.22465555712347,12.9900135961758,9.684611767080241,143.6836879179854,398.47897831173776,177.1671154863021,0.2236669399562674,0.2236669399562674,1.0,-39.651906359579186,39.651906359579186,0.22366693995626719,0.22366693995626719,84.50503746102146,-172.37031486827416,-39.65190635957917,83.59909467842749,11.65925908977501,0,0,0,,0.7139215614635326,0.7139215614635326,0.7139215614635326,0.6619861394716228,1.5662216171661316,2.0235339366596485
with_tail,1,180,45,r180_p45,0817,4,telemetry/raw/with_tail/roll_pitch/roll_180deg_pitch_+045deg/wt_roll_180deg_pitch_+045deg_0817_rep04.csv,50,0.8028000000000013,3.1612128552000103,0.7720036275178337,0.832659435307204,0.9271541218205355,30.121301644703276,-15.496866766383624,25.137444678500383,13.112258072303609,25.137444678500383,0.810523106875419,0.8546978038506328,34.386135335911575,255.79884329344713,17.681859263982915,29.650463034390015,38.37987753438279,104.38732941665687,174.47233831503118,0.23478674058578583,0.24208411100915073,0.969856053778395,-43.542667800363375,43.542667800363375,0.2419390243419437,0.24297777153321776,61.097974500802735,179.1679422905311,-43.54266780036336,-23.090047273279026,56.540488677963275,0,0,0,,0.7139215614635326,0.7139215614635326,0.7139215614635326,0.6666669456180729,1.658048209623093,2.250761149364881
with_tail,1,180,45,r180_p45,0817,5,telemetry/raw/with_tail/roll_pitch/roll_180deg_pitch_+045deg/wt_roll_180deg_pitch_+045deg_0817_rep05.csv,50,0.8029000000000011,3.162000451050009,0.5880536192730537,0.8975652857674825,0.6551652883614207,18.438248561853136,-9.235927037251551,-15.815053923018628,62.07024809494427,15.815053923018628,0.9030887668698147,0.7354445832473857,17.444341316530952,187.17228388092238,8.733363160771432,15.159589648611984,27.38203876431203,184.5596267071857,176.27154382114625,0.24906747440474483,0.25342350355976273,0.9828112661460753,-45.61495065848485,45.61495065848485,0.2535938325521587,0.2534802205954959,34.58103246657794,178.06589619443068,-45.61495065848484,12.788194297744532,-20.80411300106725,0,0,0,,0.7139215614635326,0.7139215614635326,0.7139215614635326,0.7126619810399594,1.6708537656024154,1.9841639589579882
with_tail,1,180,45,r180_p45,0817,6,telemetry/raw/with_tail/roll_pitch/roll_180deg_pitch_+045deg/wt_roll_180deg_pitch_+045deg_0817_rep06.csv,50,0.8029000000000011,3.162000451050009,0.8394484218330602,0.9449757463378252,0.8883280074502151,9.90436565919147,-9.778666655363976,1.5576762457631774,20.100958658961275,1.5576762457631774,0.9146251954805453,0.9310051411081341,15.507622634530666,464.91531173592784,10.13750828359079,11.610485441266547,25.860850968242495,460.70060071362445,177.1321365168519,0.23191047968553316,0.23911845348807093,0.969856053778395,-42.95644293341409,42.95644293341409,0.23865152713396154,0.24034653512923843,94.37936722032586,-179.70206313442912,-42.95644293341407,88.46944948432399,32.327388953318106,0,0,0,,0.7139215614635326,0.7139215614635326,0.7139215614635326,0.6714436959267046,1.5358959847142801,1.8439822118899725
